ligand_file_name,ligand_SMILES,ligand_stoichiometry,ligand_number_of_atoms,ligand_charge,ligand_multiplicity,ligand_convergence_criteria,ligand_dipole,ligand_molar_mass,ligand_molar_volume,ligand_electronic_spatial_extent,ligand_homo_energy,ligand_lumo_energy,ligand_electronegativity,ligand_hardness,ligand_electrophilicity,ligand_E_scf,ligand_zero_point_correction,ligand_E_thermal_correction,ligand_H_thermal_correction,ligand_G_thermal_correction,ligand_E_zpe,ligand_E,ligand_H,ligand_G,ligand_ES_root_dipole,ligand_ES_root_molar_volume,ligand_ES_root_electronic_spatial_extent,ligand_ES1_transition,ligand_ES1_osc_strength,ligand_ES1_<S**2>,ligand_ES2_transition,ligand_ES2_osc_strength,ligand_ES2_<S**2>,ligand_ES3_transition,ligand_ES3_osc_strength,ligand_ES3_<S**2>,ligand_ES4_transition,ligand_ES4_osc_strength,ligand_ES4_<S**2>,ligand_ES5_transition,ligand_ES5_osc_strength,ligand_ES5_<S**2>,ligand_ES6_transition,ligand_ES6_osc_strength,ligand_ES6_<S**2>,ligand_ES7_transition,ligand_ES7_osc_strength,ligand_ES7_<S**2>,ligand_ES8_transition,ligand_ES8_osc_strength,ligand_ES8_<S**2>,ligand_ES9_transition,ligand_ES9_osc_strength,ligand_ES9_<S**2>,ligand_ES10_transition,ligand_ES10_osc_strength,ligand_ES10_<S**2>,ligand_atom1_atom,ligand_atom1_Mulliken_charge,ligand_atom1_APT_charge,ligand_atom1_NPA_charge,ligand_atom1_NPA_core,ligand_atom1_NPA_valence,ligand_atom1_NPA_Rydberg,ligand_atom1_NPA_total,ligand_atom1_NMR_shift,ligand_atom1_NMR_anisotropy,ligand_atom1_ES_root_Mulliken_charge,ligand_atom1_ES_root_NPA_charge,ligand_atom1_ES_root_NPA_core,ligand_atom1_ES_root_NPA_valence,ligand_atom1_ES_root_NPA_Rydberg,ligand_atom1_ES_root_NPA_total,ligand_atom2_atom,ligand_atom2_Mulliken_charge,ligand_atom2_APT_charge,ligand_atom2_NPA_charge,ligand_atom2_NPA_core,ligand_atom2_NPA_valence,ligand_atom2_NPA_Rydberg,ligand_atom2_NPA_total,ligand_atom2_NMR_shift,ligand_atom2_NMR_anisotropy,ligand_atom2_ES_root_Mulliken_charge,ligand_atom2_ES_root_NPA_charge,ligand_atom2_ES_root_NPA_core,ligand_atom2_ES_root_NPA_valence,ligand_atom2_ES_root_NPA_Rydberg,ligand_atom2_ES_root_NPA_total,ligand_atom3_atom,ligand_atom3_Mulliken_charge,ligand_atom3_APT_charge,ligand_atom3_NPA_charge,ligand_atom3_NPA_core,ligand_atom3_NPA_valence,ligand_atom3_NPA_Rydberg,ligand_atom3_NPA_total,ligand_atom3_NMR_shift,ligand_atom3_NMR_anisotropy,ligand_atom3_ES_root_Mulliken_charge,ligand_atom3_ES_root_NPA_charge,ligand_atom3_ES_root_NPA_core,ligand_atom3_ES_root_NPA_valence,ligand_atom3_ES_root_NPA_Rydberg,ligand_atom3_ES_root_NPA_total,ligand_atom4_atom,ligand_atom4_Mulliken_charge,ligand_atom4_APT_charge,ligand_atom4_NPA_charge,ligand_atom4_NPA_core,ligand_atom4_NPA_valence,ligand_atom4_NPA_Rydberg,ligand_atom4_NPA_total,ligand_atom4_NMR_shift,ligand_atom4_NMR_anisotropy,ligand_atom4_ES_root_Mulliken_charge,ligand_atom4_ES_root_NPA_charge,ligand_atom4_ES_root_NPA_core,ligand_atom4_ES_root_NPA_valence,ligand_atom4_ES_root_NPA_Rydberg,ligand_atom4_ES_root_NPA_total,ligand_c_min_atom_number,ligand_c_min_atom,ligand_c_min_atom=C,ligand_c_min_atom=O,ligand_c_min_Mulliken_charge,ligand_c_min_APT_charge,ligand_c_min_NPA_charge,ligand_c_min_NPA_core,ligand_c_min_NPA_valence,ligand_c_min_NPA_Rydberg,ligand_c_min_NPA_total,ligand_c_min_NMR_shift,ligand_c_min_NMR_anisotropy,ligand_c_min_ES_root_Mulliken_charge,ligand_c_min_ES_root_NPA_charge,ligand_c_min_ES_root_NPA_core,ligand_c_min_ES_root_NPA_valence,ligand_c_min_ES_root_NPA_Rydberg,ligand_c_min_ES_root_NPA_total,ligand_c_min+1_atom_number,ligand_c_min+1_atom,ligand_c_min+1_atom=C,ligand_c_min+1_atom=O,ligand_c_min+1_Mulliken_charge,ligand_c_min+1_APT_charge,ligand_c_min+1_NPA_charge,ligand_c_min+1_NPA_core,ligand_c_min+1_NPA_valence,ligand_c_min+1_NPA_Rydberg,ligand_c_min+1_NPA_total,ligand_c_min+1_NMR_shift,ligand_c_min+1_NMR_anisotropy,ligand_c_min+1_ES_root_Mulliken_charge,ligand_c_min+1_ES_root_NPA_charge,ligand_c_min+1_ES_root_NPA_core,ligand_c_min+1_ES_root_NPA_valence,ligand_c_min+1_ES_root_NPA_Rydberg,ligand_c_min+1_ES_root_NPA_total,ligand_c_max_atom_number,ligand_c_max_atom,ligand_c_max_atom=P,ligand_c_max_Mulliken_charge,ligand_c_max_APT_charge,ligand_c_max_NPA_charge,ligand_c_max_NPA_core,ligand_c_max_NPA_valence,ligand_c_max_NPA_Rydberg,ligand_c_max_NPA_total,ligand_c_max_NMR_shift,ligand_c_max_NMR_anisotropy,ligand_c_max_ES_root_Mulliken_charge,ligand_c_max_ES_root_NPA_charge,ligand_c_max_ES_root_NPA_core,ligand_c_max_ES_root_NPA_valence,ligand_c_max_ES_root_NPA_Rydberg,ligand_c_max_ES_root_NPA_total,ligand_c_max-1_atom_number,ligand_c_max-1_atom,ligand_c_max-1_atom=H,ligand_c_max-1_atom=C,ligand_c_max-1_Mulliken_charge,ligand_c_max-1_APT_charge,ligand_c_max-1_NPA_charge,ligand_c_max-1_NPA_core,ligand_c_max-1_NPA_valence,ligand_c_max-1_NPA_Rydberg,ligand_c_max-1_NPA_total,ligand_c_max-1_NMR_shift,ligand_c_max-1_NMR_anisotropy,ligand_c_max-1_ES_root_Mulliken_charge,ligand_c_max-1_ES_root_NPA_charge,ligand_c_max-1_ES_root_NPA_core,ligand_c_max-1_ES_root_NPA_valence,ligand_c_max-1_ES_root_NPA_Rydberg,ligand_c_max-1_ES_root_NPA_total,ligand_atom1_%VBur,ligand_atom2_%VBur,ligand_atom3_%VBur,ligand_atom4_%VBur,ligand_c_min_%VBur,ligand_c_min+1_%VBur,ligand_c_max_%VBur,ligand_c_max-1_%VBur
PPh2Cy-3,P(C1=CC=CC=C1)(C2CCCCC2)C3=CC=CC=C3,C18H21P,40,0,1,met,1.3409,268.3377,2757.7940000000003,5506.8129,-0.20663,-0.01655,0.11159,0.09504,0.09504,-1039.91656451,0.344885,0.361885,0.362829,0.298157,-1039.57168,-1039.55468,-1039.5537359999998,-1039.618407,5.4954,2550.218,5510.1765,281.11,0.0763,0.0,265.73,0.014,0.0,258.9,0.1183,0.0,250.16,0.0074,0.0,228.65,0.0067,0.0,220.97,0.0112,0.0,214.64,0.0076,0.0,211.32,0.0195,0.0,209.76,0.0049,0.0,208.93,0.0148,0.0,P1,0.361493,0.5172800000000001,0.8776700000000001,9.99853,4.08326,0.04055,14.122329999999998,348.857,56.3352,0.511778,1.2730299999999999,9.997580000000001,3.6812400000000003,0.04815,13.726970000000001,C2,-0.089647,-0.168955,-0.36186,1.9989299999999999,4.33983,0.02311,6.36186,51.8165,186.3363,-0.147622,-0.53646,1.9988299999999999,4.51309,0.02454,6.53646,C3,-0.096549,-0.085961,-0.35605,1.99895,4.334980000000001,0.022109999999999998,6.35605,54.0677,180.1301,-0.095345,-0.3913,1.99891,4.369190000000001,0.0232,6.3913,C4,-0.28965799999999997,-0.036625,-0.5472199999999999,1.99922,4.532019999999999,0.01599,6.547219999999999,154.9432,13.9592,-0.287632,-0.56775,1.9991900000000002,4.55229,0.01627,6.56775,14,C,1,0,-0.28965799999999997,-0.036625,-0.5472199999999999,1.99922,4.532019999999999,0.01599,6.547219999999999,154.9432,13.9592,-0.287632,-0.56775,1.9991900000000002,4.55229,0.01627,6.56775,16,C,1,0,-0.261991,0.06459,-0.46556000000000003,1.9992900000000002,4.452780000000001,0.01348,6.46556,161.3862,8.9831,-0.267827,-0.4638,1.99928,4.45044,0.01408,6.4638,1,P,1,0.361493,0.5172800000000001,0.8776700000000001,9.99853,4.08326,0.04055,14.122329999999998,348.857,56.3352,0.511778,1.2730299999999999,9.997580000000001,3.6812400000000003,0.04815,13.726970000000001,25,H,1,0,0.144724,0.042852999999999995,0.2432,0.0,0.75534,0.00147,0.7568,25.2177,10.698,0.10454000000000001,0.22218000000000002,0.0,0.77654,0.00128,0.77782,0.7388401544863926,0.7822520283823837,0.7444387892578066,0.7786293823538217,0.7786293823538217,0.6781533487021346,0.7388401544863926,0.5475584563336426
PPh2Cy-10,P(C1=CC=CC=C1)(C2CCCCC2)C3=CC=CC=C3,C18H21P,40,0,1,met,1.237,268.3377,2764.165,5803.8427,-0.21364,-0.0193,0.11647,0.09717,0.09717,-1039.92195577,0.344827,0.36185700000000004,0.36280100000000004,0.298236,-1039.577129,-1039.560099,-1039.5591539999998,-1039.6237199999998,3.8642,2499.511,5813.2838,276.47,0.0751,0.0,255.82,0.0373,0.0,250.18,0.0014,0.0,244.65,0.0027,0.0,229.57,0.0052,0.0,227.46,0.0094,0.0,219.15,0.0535,0.0,214.2,0.0376,0.0,213.1,0.0074,0.0,209.06,0.0174,0.0,P1,0.349851,0.5873109999999999,0.85777,9.998510000000001,4.1047,0.03902,14.14223,373.343,50.1004,0.524737,1.31077,9.99742,3.6461300000000003,0.04568,13.689229999999998,C2,-0.081678,-0.16732,-0.3525,1.9989299999999999,4.3297,0.02386,6.3525,54.7243,182.8389,-0.110144,-0.46784,1.9988599999999999,4.44306,0.02593,6.46784,C3,-0.08367000000000001,-0.154004,-0.35359,1.99895,4.3322,0.02244,6.3535900000000005,57.4745,183.0696,-0.10764000000000001,-0.47018000000000004,1.9988700000000001,4.4485,0.0228,6.47018,C4,-0.274513,-0.054091999999999994,-0.5385,1.9992400000000001,4.523219999999999,0.016040000000000002,6.5385,150.1295,22.7615,-0.289154,-0.5583899999999999,1.9992,4.54127,0.01793,6.558389999999999,14,C,1,0,-0.274513,-0.054091999999999994,-0.5385,1.9992400000000001,4.523219999999999,0.016040000000000002,6.5385,150.1295,22.7615,-0.289154,-0.5583899999999999,1.9992,4.54127,0.01793,6.558389999999999,16,C,1,0,-0.280882,0.10857,-0.46263999999999994,1.9993,4.44954,0.0138,6.46264,161.3109,8.862,-0.286441,-0.4691,1.9992900000000002,4.45599,0.013819999999999999,6.4691,1,P,1,0.349851,0.5873109999999999,0.85777,9.998510000000001,4.1047,0.03902,14.14223,373.343,50.1004,0.524737,1.31077,9.99742,3.6461300000000003,0.04568,13.689229999999998,30,H,1,0,0.14251,0.039782,0.24225,0.0,0.75667,0.00107,0.75775,24.6341,9.6454,0.118854,0.22576999999999997,0.0,0.77317,0.00106,0.77423,0.7627017155174994,0.7360558067123739,0.7484805844136403,0.7931199664680698,0.7931199664680698,0.6446513577437801,0.7627017155174994,0.4025627975210323
PPh2Cy-11,P(C1=CC=CC=C1)(C2CCCCC2)C3=CC=CC=C3,C18H21P,40,0,1,met,1.237,268.3377,2440.621,5803.8754,-0.21364,-0.0193,0.11647,0.09717,0.09717,-1039.92195577,0.344827,0.36185700000000004,0.36280100000000004,0.298237,-1039.577129,-1039.560099,-1039.5591539999998,-1039.623719,3.8639,2558.242,5813.3162,276.47,0.0752,0.0,255.82,0.0373,0.0,250.19,0.0014,0.0,244.66,0.0027,0.0,229.57,0.0052,0.0,227.46,0.0094,0.0,219.15,0.0534,0.0,214.2,0.0376,0.0,213.1,0.0075,0.0,209.06,0.0174,0.0,P1,0.349858,0.587266,0.8577799999999999,9.998510000000001,4.10469,0.03902,14.142220000000002,373.3366,50.1173,0.52472,1.31072,9.99742,3.64618,0.04568,13.689279999999998,C2,-0.08368099999999999,-0.154002,-0.3536,1.99895,4.33221,0.02244,6.3536,57.476,183.0678,-0.107677,-0.47023000000000004,1.9988700000000001,4.44856,0.0228,6.47023,C3,-0.081678,-0.167284,-0.3525,1.9989299999999999,4.3297,0.02386,6.3525,54.7233,182.8386,-0.11013099999999999,-0.4678,1.9988599999999999,4.44301,0.02593,6.4678,C4,-0.274506,-0.054092999999999995,-0.5385,1.9992400000000001,4.523219999999999,0.016040000000000002,6.5385,150.1294,22.7636,-0.28914,-0.55838,1.9992,4.54126,0.01793,6.5583800000000005,14,C,1,0,-0.274506,-0.054092999999999995,-0.5385,1.9992400000000001,4.523219999999999,0.016040000000000002,6.5385,150.1294,22.7636,-0.28914,-0.55838,1.9992,4.54126,0.01793,6.5583800000000005,20,C,1,0,-0.280884,0.108574,-0.46263999999999994,1.9993,4.44954,0.0138,6.46264,161.3121,8.8602,-0.286445,-0.4691,1.9992900000000002,4.45599,0.013819999999999999,6.4691,1,P,1,0.349858,0.587266,0.8577799999999999,9.998510000000001,4.10469,0.03902,14.142220000000002,373.3366,50.1173,0.52472,1.31072,9.99742,3.64618,0.04568,13.689279999999998,21,H,1,0,0.142512,0.039782,0.24226,0.0,0.75667,0.00107,0.75774,24.6341,9.6456,0.118843,0.22576999999999997,0.0,0.77317,0.00106,0.77423,0.7627316547408759,0.7485404628603933,0.7361156851591271,0.7931199664680698,0.7931199664680698,0.6446513577437801,0.7627316547408759,0.4025029190742792
PPh2Cy-13,P(C1=CC=CC=C1)(C2CCCCC2)C3=CC=CC=C3,C18H21P,40,0,1,met,1.237,268.3377,2293.644,5803.8475,-0.21364,-0.0193,0.11647,0.09717,0.09717,-1039.92195577,0.344827,0.36185700000000004,0.36280100000000004,0.298236,-1039.577129,-1039.560099,-1039.5591539999998,-1039.6237199999998,3.8643,2234.8320000000003,5813.2885,276.47,0.0751,0.0,255.82,0.0373,0.0,250.18,0.0014,0.0,244.66,0.0027,0.0,229.57,0.0052,0.0,227.46,0.0094,0.0,219.15,0.0535,0.0,214.2,0.0376,0.0,213.1,0.0074,0.0,209.06,0.0174,0.0,P1,0.34985,0.58731,0.85777,9.998510000000001,4.1047,0.03902,14.14223,373.3433,50.1045,0.524736,1.31077,9.99742,3.6461300000000003,0.04568,13.689229999999998,C2,-0.081678,-0.16731600000000002,-0.3525,1.9989299999999999,4.3297099999999995,0.02386,6.3525,54.7247,182.8392,-0.110143,-0.46784,1.9988599999999999,4.44305,0.02593,6.46784,C3,-0.083672,-0.15400899999999998,-0.35359,1.99895,4.3322,0.02244,6.3535900000000005,57.475,183.0693,-0.107646,-0.47018999999999994,1.9988700000000001,4.448519999999999,0.0228,6.4701900000000006,C4,-0.27451,-0.054089,-0.5385,1.9992400000000001,4.523219999999999,0.016040000000000002,6.5385,150.1291,22.7623,-0.28915100000000005,-0.5583899999999999,1.9992,4.54126,0.01793,6.558389999999999,14,C,1,0,-0.27451,-0.054089,-0.5385,1.9992400000000001,4.523219999999999,0.016040000000000002,6.5385,150.1291,22.7623,-0.28915100000000005,-0.5583899999999999,1.9992,4.54126,0.01793,6.558389999999999,16,C,1,0,-0.280882,0.108569,-0.46263999999999994,1.9993,4.44954,0.0138,6.46264,161.311,8.8617,-0.28644200000000003,-0.4691,1.9992900000000002,4.45599,0.013819999999999999,6.4691,1,P,1,0.34985,0.58731,0.85777,9.998510000000001,4.1047,0.03902,14.14223,373.3433,50.1045,0.524736,1.31077,9.99742,3.6461300000000003,0.04568,13.689229999999998,30,H,1,0,0.142511,0.039783,0.24226,0.0,0.75667,0.00107,0.75774,24.634,9.6454,0.118849,0.22576999999999997,0.0,0.77317,0.00106,0.77423,0.7627017155174994,0.7360857459357504,0.7485105236370169,0.7931199664680698,0.7931199664680698,0.6446513577437801,0.7627017155174994,0.4025627975210323
PPh2Cy-16,P(C1=CC=CC=C1)(C2CCCCC2)C3=CC=CC=C3,C18H21P,40,0,1,met,1.237,268.3377,2587.67,5803.8486,-0.21364,-0.0193,0.11647,0.09717,0.09717,-1039.92195577,0.344827,0.36185700000000004,0.36280100000000004,0.298236,-1039.577129,-1039.560099,-1039.5591539999998,-1039.623719,3.8644,2764.1020000000003,5813.2903,276.47,0.0751,0.0,255.82,0.0372,0.0,250.18,0.0014,0.0,244.66,0.0027,0.0,229.57,0.0052,0.0,227.47,0.0094,0.0,219.15,0.0535,0.0,214.2,0.0376,0.0,213.1,0.0074,0.0,209.06,0.0174,0.0,P1,0.349851,0.5873079999999999,0.85777,9.998510000000001,4.1047,0.03902,14.14223,373.3409,50.1092,0.524736,1.31077,9.99742,3.6461300000000003,0.04568,13.689229999999998,C2,-0.081679,-0.16730899999999999,-0.3525,1.9989299999999999,4.3297,0.02386,6.3525,54.7246,182.8389,-0.110132,-0.46781000000000006,1.9988599999999999,4.44303,0.02593,6.46781,C3,-0.083673,-0.15401700000000002,-0.35359,1.99895,4.3322,0.02244,6.3535900000000005,57.4752,183.0689,-0.10765599999999999,-0.47021,1.9988700000000001,4.44854,0.0228,6.47021,C4,-0.27451,-0.054091999999999994,-0.5385,1.9992400000000001,4.523219999999999,0.016040000000000002,6.5385,150.1284,22.7634,-0.289148,-0.5583899999999999,1.9992,4.54126,0.01793,6.558389999999999,14,C,1,0,-0.27451,-0.054091999999999994,-0.5385,1.9992400000000001,4.523219999999999,0.016040000000000002,6.5385,150.1284,22.7634,-0.289148,-0.5583899999999999,1.9992,4.54126,0.01793,6.558389999999999,16,C,1,0,-0.280882,0.108571,-0.46263999999999994,1.9993,4.44954,0.0138,6.46264,161.3115,8.8612,-0.286443,-0.4691,1.9992900000000002,4.45599,0.013819999999999999,6.4691,1,P,1,0.349851,0.5873079999999999,0.85777,9.998510000000001,4.1047,0.03902,14.14223,373.3409,50.1092,0.524736,1.31077,9.99742,3.6461300000000003,0.04568,13.689229999999998,30,H,1,0,0.142511,0.039783,0.24226,0.0,0.75667,0.00107,0.75774,24.634,9.6452,0.118842,0.22576999999999997,0.0,0.77317,0.00106,0.77423,0.7627316547408759,0.7360558067123739,0.7485704020837699,0.7931199664680698,0.7931199664680698,0.6446812969671566,0.7627316547408759,0.4025627975210323
PPh2Cy-25,P(C1=CC=CC=C1)(C2CCCCC2)C3=CC=CC=C3,C18H21P,40,0,1,met,1.237,268.3377,2499.555,5803.861999999999,-0.21364,-0.0193,0.11647,0.09717,0.09717,-1039.92195577,0.344827,0.36185700000000004,0.36280100000000004,0.298236,-1039.577129,-1039.560099,-1039.5591539999998,-1039.6237199999998,3.8644,2117.27,5813.3037,276.48,0.0751,0.0,255.82,0.0372,0.0,250.18,0.0014,0.0,244.66,0.0027,0.0,229.57,0.0052,0.0,227.47,0.0094,0.0,219.15,0.0534,0.0,214.2,0.0376,0.0,213.1,0.0074,0.0,209.06,0.0174,0.0,P1,0.349852,0.587305,0.85777,9.998510000000001,4.1047,0.03902,14.14223,373.3404,50.114,0.5247310000000001,1.3107600000000001,9.99742,3.64614,0.04568,13.68924,C2,-0.083675,-0.154021,-0.3536,1.99895,4.33221,0.02244,6.3536,57.4765,183.0678,-0.10767,-0.47024,1.9988700000000001,4.44857,0.0228,6.47024,C3,-0.081679,-0.167297,-0.3525,1.9989299999999999,4.3297,0.02386,6.3525,54.7246,182.8381,-0.110125,-0.46779,1.9988599999999999,4.44301,0.02593,6.46779,C4,-0.274509,-0.054091,-0.5385,1.9992400000000001,4.52321,0.016040000000000002,6.5385,150.1284,22.764,-0.289147,-0.55838,1.9992,4.54126,0.01793,6.5583800000000005,14,C,1,0,-0.274509,-0.054091,-0.5385,1.9992400000000001,4.52321,0.016040000000000002,6.5385,150.1284,22.764,-0.289147,-0.55838,1.9992,4.54126,0.01793,6.5583800000000005,20,C,1,0,-0.280882,0.10856700000000001,-0.46263999999999994,1.9993,4.44954,0.0138,6.46264,161.3106,8.8612,-0.286441,-0.4691,1.9992900000000002,4.45599,0.013819999999999999,6.4691,1,P,1,0.349852,0.587305,0.85777,9.998510000000001,4.1047,0.03902,14.14223,373.3404,50.114,0.5247310000000001,1.3107600000000001,9.99742,3.64614,0.04568,13.68924,21,H,1,0,0.142512,0.039783,0.24226,0.0,0.75667,0.00107,0.75774,24.634,9.6452,0.118835,0.22576,0.0,0.77318,0.00106,0.7742399999999999,0.7627316547408759,0.7484805844136403,0.7360558067123739,0.7931798449148229,0.7931798449148229,0.6446214185204036,0.7627316547408759,0.4025328582976558
PPh2Cy-30,P(C1=CC=CC=C1)(C2CCCCC2)C3=CC=CC=C3,C18H21P,40,0,1,met,1.237,268.3377,2470.029,5803.8273,-0.21364,-0.0193,0.11647,0.09717,0.09717,-1039.92195577,0.344827,0.36185700000000004,0.36280100000000004,0.298237,-1039.577129,-1039.560099,-1039.5591539999998,-1039.623719,3.8641,2528.839,5813.2681,276.48,0.0752,0.0,255.82,0.0373,0.0,250.19,0.0014,0.0,244.66,0.0027,0.0,229.57,0.0052,0.0,227.46,0.0094,0.0,219.15,0.0534,0.0,214.2,0.0376,0.0,213.1,0.0074,0.0,209.06,0.0174,0.0,P1,0.34984699999999996,0.587283,0.8577799999999999,9.998510000000001,4.10469,0.03902,14.142220000000002,373.3418,50.1137,0.524722,1.31075,9.99742,3.64615,0.04568,13.68925,C2,-0.083676,-0.154002,-0.35359,1.99895,4.3322,0.02244,6.3535900000000005,57.475,183.0699,-0.107662,-0.47021,1.9988700000000001,4.44854,0.0228,6.47021,C3,-0.081678,-0.16730799999999998,-0.35251,1.9989299999999999,4.32972,0.02386,6.35251,54.7257,182.8408,-0.11013699999999998,-0.46783,1.9988599999999999,4.44304,0.02593,6.46783,C4,-0.274507,-0.054084,-0.5385,1.9992400000000001,4.52321,0.016040000000000002,6.5385,150.1284,22.764,-0.289145,-0.55838,1.9992,4.54126,0.01793,6.5583800000000005,14,C,1,0,-0.274507,-0.054084,-0.5385,1.9992400000000001,4.52321,0.016040000000000002,6.5385,150.1284,22.764,-0.289145,-0.55838,1.9992,4.54126,0.01793,6.5583800000000005,20,C,1,0,-0.280884,0.108569,-0.46263999999999994,1.9993,4.44954,0.0138,6.46264,161.3116,8.8608,-0.286445,-0.4691,1.9992900000000002,4.45599,0.013819999999999999,6.4691,1,P,1,0.34984699999999996,0.587283,0.8577799999999999,9.998510000000001,4.10469,0.03902,14.142220000000002,373.3418,50.1137,0.524722,1.31075,9.99742,3.64615,0.04568,13.68925,21,H,1,0,0.142512,0.039782,0.24226,0.0,0.75667,0.00107,0.75774,24.6341,9.6455,0.118844,0.22576999999999997,0.0,0.77317,0.00106,0.77423,0.7627615939642525,0.7485404628603933,0.7361156851591271,0.7931199664680698,0.7931199664680698,0.6446513577437801,0.7627615939642525,0.4025328582976558
Cy-JohnPhos-1,C1(P(C2CCCCC2)C3CCCCC3)=CC=CC=C1C4=CC=CC=C4,C24H31P,56,0,1,met,1.4298,350.4827,3173.19,8573.6151,-0.20227,-0.02102,0.111645,0.090625,0.090625,-1274.5893515,0.49627899999999997,0.519149,0.520093,0.443432,-1274.093073,-1274.070203,-1274.069258,-1274.14592,7.2722,3446.153,8583.7637,300.06,0.0153,0.0,276.38,0.0004,0.0,253.96,0.0018,0.0,248.94,0.002,0.0,242.91,0.0214,0.0,234.39,0.1217,0.0,232.74,0.0046,0.0,218.95,0.0118,0.0,215.45,0.0644,0.0,212.04,0.069,0.0,P1,0.384525,0.474034,0.8106899999999999,9.998610000000001,4.1543,0.03639,14.18931,354.3544,121.1625,0.594468,1.31722,9.997580000000001,3.646,0.039189999999999996,13.68278,C2,-0.12275,-0.197774,-0.33864,1.99888,4.31733,0.022430000000000002,6.33864,58.0296,177.5658,-0.187328,-0.53377,1.99879,4.5136199999999995,0.02136,6.53377,C3,-0.28628600000000004,-0.040197000000000004,-0.53735,1.9992299999999998,4.52274,0.015380000000000001,6.53735,154.2342,19.675,-0.307749,-0.55338,1.9991700000000001,4.5380199999999995,0.01619,6.553380000000001,C4,-0.280967,-0.041564,-0.537,1.9992299999999998,4.5224,0.015369999999999998,6.537,149.9782,24.1601,-0.300752,-0.5613100000000001,1.99918,4.5458300000000005,0.0163,6.561310000000001,15,C,1,0,-0.28628600000000004,-0.040197000000000004,-0.53735,1.9992299999999998,4.52274,0.015380000000000001,6.53735,154.2342,19.675,-0.307749,-0.55338,1.9991700000000001,4.5380199999999995,0.01619,6.553380000000001,8,C,1,0,-0.280967,-0.041564,-0.537,1.9992299999999998,4.5224,0.015369999999999998,6.537,149.9782,24.1601,-0.300752,-0.5613100000000001,1.99918,4.5458300000000005,0.0163,6.561310000000001,7,P,1,0.384525,0.474034,0.8106899999999999,9.998610000000001,4.1543,0.03639,14.18931,354.3544,121.1625,0.594468,1.31722,9.997580000000001,3.646,0.039189999999999996,13.68278,52,H,1,0,0.146897,0.040008999999999996,0.23940999999999998,0.0,0.75947,0.00112,0.76059,24.9499,7.831,0.12041099999999999,0.22405999999999998,0.0,0.7748,0.00114,0.77594,0.8337774318134187,0.8088081195173797,0.8212328972186461,0.8185084278913805,0.8212328972186461,0.8185084278913805,0.8337774318134187,0.5622885542349031
Cy-JohnPhos-2,C1(P(C2CCCCC2)C3CCCCC3)=CC=CC=C1C4=CC=CC=C4,C24H31P,56,0,1,met,0.9532,350.4827,2992.488,8983.5122,-0.1996,-0.016640000000000002,0.10812000000000001,0.09147999999999999,0.09147999999999999,-1274.58590159,0.49611000000000005,0.519041,0.519985,0.44268100000000005,-1274.089791,-1274.06686,-1274.065916,-1274.143221,7.1595,3060.4990000000003,8994.0822,294.54,0.0426,0.0,282.1,0.0151,0.0,253.97,0.0239,0.0,243.82,0.0234,0.0,238.58,0.0043,0.0,231.13,0.1424,0.0,228.42,0.0385,0.0,218.43,0.0453,0.0,215.92,0.029,0.0,211.01,0.0389,0.0,P1,0.403856,0.44832799999999995,0.8293299999999999,9.99863,4.13591,0.03613,14.170670000000001,359.9261,71.444,0.599783,1.28244,9.99767,3.68247,0.03742,13.71756,C2,-0.14186400000000002,-0.1357,-0.32643,1.99889,4.30468,0.02285,6.32643,53.1993,180.8678,-0.224454,-0.5150899999999999,1.9988,4.4941699999999996,0.022119999999999997,6.51509,C3,-0.281592,-0.059633000000000005,-0.54787,1.9992400000000001,4.53377,0.01486,6.54787,157.4825,13.3836,-0.297708,-0.55609,1.9991900000000002,4.54239,0.014509999999999999,6.556089999999999,C4,-0.288327,-0.039838,-0.5352399999999999,1.9991900000000002,4.519019999999999,0.01702,6.53524,149.179,25.6062,-0.297483,-0.5545800000000001,1.9991599999999998,4.538130000000001,0.01729,6.5545800000000005,15,C,1,0,-0.281592,-0.059633000000000005,-0.54787,1.9992400000000001,4.53377,0.01486,6.54787,157.4825,13.3836,-0.297708,-0.55609,1.9991900000000002,4.54239,0.014509999999999999,6.556089999999999,8,C,1,0,-0.288327,-0.039838,-0.5352399999999999,1.9991900000000002,4.519019999999999,0.01702,6.53524,149.179,25.6062,-0.297483,-0.5545800000000001,1.9991599999999998,4.538130000000001,0.01729,6.5545800000000005,7,P,1,0.403856,0.44832799999999995,0.8293299999999999,9.99863,4.13591,0.03613,14.170670000000001,359.9261,71.444,0.599783,1.28244,9.99767,3.68247,0.03742,13.71756,56,H,1,0,0.142148,0.032202,0.24059,0.0,0.75855,0.00086,0.75941,24.7825,8.2234,0.12529200000000001,0.22758,0.0,0.7713399999999999,0.00108,0.77242,0.8267417143199305,0.8059938325199845,0.8241070626627944,0.7766533936109697,0.8241070626627944,0.7766533936109697,0.8267417143199305,0.4963324451363732
Cy-JohnPhos-4,C1(P(C2CCCCC2)C3CCCCC3)=CC=CC=C1C4=CC=CC=C4,C24H31P,56,0,1,met,1.3449,350.4827,3487.802,8413.6846,-0.19904000000000002,-0.01778,0.10841,0.09063,0.09063,-1274.58103354,0.496364,0.519216,0.5201600000000001,0.443813,-1274.08467,-1274.061818,-1274.060874,-1274.1372199999998,6.4974,3297.558,8420.9009,297.07,0.0432,0.0,280.2,0.0024,0.0,260.59,0.0057,0.0,254.4,0.0011,0.0,237.96,0.0154,0.0,230.47,0.0064,0.0,226.84,0.0477,0.0,218.25,0.0075,0.0,215.62,0.0448,0.0,213.75,0.0665,0.0,P1,0.36640900000000004,0.464979,0.82529,9.99864,4.1371400000000005,0.03893,14.174710000000001,329.3828,63.9161,0.572778,1.31718,9.99765,3.6409,0.04427,13.682820000000001,C2,-0.10362400000000001,-0.16317,-0.33565,1.99885,4.31468,0.022119999999999997,6.33565,54.7011,179.511,-0.179346,-0.5432899999999999,1.9987599999999999,4.521669999999999,0.02286,6.54329,C3,-0.283611,-0.039415,-0.54318,1.9991900000000002,4.52785,0.01614,6.54318,153.9131,15.7382,-0.288889,-0.57318,1.9991599999999998,4.55791,0.01612,6.573180000000001,C4,-0.291224,-0.06306,-0.54398,1.99922,4.530069999999999,0.01468,6.54398,159.8204,13.6175,-0.310956,-0.55876,1.9991700000000001,4.54434,0.01525,6.55876,8,C,1,0,-0.291224,-0.06306,-0.54398,1.99922,4.530069999999999,0.01468,6.54398,159.8204,13.6175,-0.310956,-0.55876,1.9991700000000001,4.54434,0.01525,6.55876,15,C,1,0,-0.283611,-0.039415,-0.54318,1.9991900000000002,4.52785,0.01614,6.54318,153.9131,15.7382,-0.288889,-0.57318,1.9991599999999998,4.55791,0.01612,6.573180000000001,7,P,1,0.36640900000000004,0.464979,0.82529,9.99864,4.1371400000000005,0.03893,14.174710000000001,329.3828,63.9161,0.572778,1.31718,9.99765,3.6409,0.04427,13.682820000000001,52,H,1,0,0.15109,0.041658,0.24086,0.0,0.75802,0.00112,0.7591399999999999,24.8292,6.8199,0.136874,0.23284000000000002,0.0,0.7659600000000001,0.00119,0.7671600000000001,0.8037184515433671,0.8029999101823299,0.7850962546031556,0.8296458189874554,0.8296458189874554,0.7850962546031556,0.8037184515433671,0.5811203257387503
Cy-JohnPhos-6,C1(P(C2CCCCC2)C3CCCCC3)=CC=CC=C1C4=CC=CC=C4,C24H31P,56,0,1,met,1.3451,350.4827,3107.278,8413.7062,-0.19902999999999998,-0.01778,0.108405,0.090625,0.090625,-1274.58103352,0.496364,0.519216,0.520161,0.443812,-1274.0846689999998,-1274.061817,-1274.0608730000001,-1274.1372210000002,6.497000000000001,3424.347,8420.921999999999,297.08,0.0432,0.0,280.22,0.0024,0.0,260.58,0.0057,0.0,254.41,0.0011,0.0,237.97,0.0154,0.0,230.47,0.0064,0.0,226.85,0.0477,0.0,218.25,0.0075,0.0,215.62,0.0447,0.0,213.75,0.0666,0.0,P1,0.366402,0.464958,0.8253,9.99864,4.1371199999999995,0.038939999999999995,14.1747,329.3932,63.8981,0.5727770000000001,1.3172,9.99765,3.64089,0.04427,13.6828,C2,-0.10362400000000001,-0.163146,-0.33566,1.99885,4.314690000000001,0.022109999999999998,6.33566,54.703,179.5121,-0.179344,-0.5432899999999999,1.9987599999999999,4.521669999999999,0.02286,6.54329,C3,-0.283607,-0.039412,-0.54318,1.9991900000000002,4.52785,0.01614,6.54318,153.9157,15.7356,-0.288887,-0.57318,1.9991599999999998,4.55791,0.01612,6.573180000000001,C4,-0.291219,-0.063071,-0.54399,1.99922,4.53009,0.01468,6.54399,159.8229,13.6154,-0.31095900000000004,-0.55877,1.9991700000000001,4.54435,0.01524,6.55877,8,C,1,0,-0.291219,-0.063071,-0.54399,1.99922,4.53009,0.01468,6.54399,159.8229,13.6154,-0.31095900000000004,-0.55877,1.9991700000000001,4.54435,0.01524,6.55877,15,C,1,0,-0.283607,-0.039412,-0.54318,1.9991900000000002,4.52785,0.01614,6.54318,153.9157,15.7356,-0.288887,-0.57318,1.9991599999999998,4.55791,0.01612,6.573180000000001,7,P,1,0.366402,0.464958,0.8253,9.99864,4.1371199999999995,0.038939999999999995,14.1747,329.3932,63.8981,0.5727770000000001,1.3172,9.99765,3.64089,0.04427,13.6828,56,H,1,0,0.1511,0.041658,0.24086,0.0,0.75802,0.00112,0.7591399999999999,24.8291,6.8207,0.136876,0.23283,0.0,0.7659699999999999,0.00119,0.76717,0.8035986946498607,0.8030298494057064,0.7849764977096494,0.8297356366575849,0.8297356366575849,0.7849764977096494,0.8035986946498607,0.5812700218556329
Cy-JohnPhos-7,C1(P(C2CCCCC2)C3CCCCC3)=CC=CC=C1C4=CC=CC=C4,C24H31P,56,0,1,met,1.345,350.4827,2948.6859999999997,8413.7338,-0.19902999999999998,-0.01778,0.108405,0.090625,0.090625,-1274.58103351,0.496364,0.519216,0.5201600000000001,0.44381000000000004,-1274.08467,-1274.061817,-1274.0608730000001,-1274.137224,6.4971,3519.3990000000003,8420.9502,297.07,0.0432,0.0,280.22,0.0024,0.0,260.58,0.0057,0.0,254.41,0.0011,0.0,237.97,0.0154,0.0,230.47,0.0064,0.0,226.85,0.0477,0.0,218.25,0.0075,0.0,215.63,0.0448,0.0,213.75,0.0666,0.0,P1,0.36641399999999996,0.464958,0.8252799999999999,9.99864,4.13715,0.03893,14.17472,329.3845,63.8816,0.5727869999999999,1.3171700000000002,9.99765,3.6409199999999995,0.04427,13.68283,C2,-0.103626,-0.163161,-0.33565,1.99885,4.31468,0.022109999999999998,6.33565,54.7006,179.5093,-0.179345,-0.54328,1.9987599999999999,4.52166,0.02286,6.54328,C3,-0.283613,-0.03938,-0.5431600000000001,1.9991900000000002,4.527830000000001,0.01614,6.543159999999999,153.9116,15.74,-0.288889,-0.57316,1.9991599999999998,4.55788,0.01612,6.573160000000001,C4,-0.29122,-0.063068,-0.54399,1.99922,4.53008,0.01468,6.54399,159.8241,13.6144,-0.310956,-0.55877,1.9991700000000001,4.54435,0.01524,6.55877,8,C,1,0,-0.29122,-0.063068,-0.54399,1.99922,4.53008,0.01468,6.54399,159.8241,13.6144,-0.310956,-0.55877,1.9991700000000001,4.54435,0.01524,6.55877,15,C,1,0,-0.283613,-0.03938,-0.5431600000000001,1.9991900000000002,4.527830000000001,0.01614,6.543159999999999,153.9116,15.74,-0.288889,-0.57316,1.9991599999999998,4.55788,0.01612,6.573160000000001,7,P,1,0.36641399999999996,0.464958,0.8252799999999999,9.99864,4.13715,0.03893,14.17472,329.3845,63.8816,0.5727869999999999,1.3171700000000002,9.99765,3.6409199999999995,0.04427,13.68283,52,H,1,0,0.151095,0.041651,0.24086,0.0,0.75802,0.00112,0.7591399999999999,24.8293,6.8199,0.136875,0.23283,0.0,0.7659699999999999,0.00119,0.76717,0.8036885123199904,0.8029699709589534,0.7850962546031556,0.8297356366575849,0.8297356366575849,0.7850962546031556,0.8036885123199904,0.5812101434088799
Cy-JohnPhos-8,C1(P(C2CCCCC2)C3CCCCC3)=CC=CC=C1C4=CC=CC=C4,C24H31P,56,0,1,met,0.963,350.4827,3512.534,8926.7706,-0.2001,-0.01958,0.10984000000000001,0.09026,0.09026,-1274.58359814,0.496246,0.519097,0.520041,0.443201,-1274.087352,-1274.064501,-1274.063557,-1274.1403970000001,7.1091,3443.6609999999996,8936.729,305.02,0.0125,0.0,284.57,0.0012,0.0,252.47,0.02,0.0,249.71,0.0278,0.0,239.75,0.0066,0.0,234.9,0.1615,0.0,233.24,0.0263,0.0,220.9,0.0811,0.0,218.37,0.0342,0.0,213.92,0.1331,0.0,P1,0.391847,0.49476499999999995,0.8259200000000001,9.99865,4.13863,0.036789999999999996,14.174079999999998,358.5413,53.8955,0.606693,1.33465,9.99756,3.62879,0.039,13.66535,C2,-0.135622,-0.177266,-0.33424,1.99889,4.31324,0.022109999999999998,6.33424,57.4015,172.7531,-0.22439299999999998,-0.54962,1.99879,4.5298300000000005,0.02099,6.54962,C3,-0.285439,-0.059405999999999994,-0.5422100000000001,1.9992299999999998,4.52802,0.01495,6.54221,154.5634,17.7626,-0.29791999999999996,-0.55128,1.9991700000000001,4.53678,0.015319999999999999,6.55128,C4,-0.291435,-0.041279,-0.53601,1.9991900000000002,4.5199300000000004,0.016880000000000003,6.53601,151.6287,17.428,-0.304533,-0.56652,1.99915,4.54964,0.01772,6.56652,15,C,1,0,-0.285439,-0.059405999999999994,-0.5422100000000001,1.9992299999999998,4.52802,0.01495,6.54221,154.5634,17.7626,-0.29791999999999996,-0.55128,1.9991700000000001,4.53678,0.015319999999999999,6.55128,8,C,1,0,-0.291435,-0.041279,-0.53601,1.9991900000000002,4.5199300000000004,0.016880000000000003,6.53601,151.6287,17.428,-0.304533,-0.56652,1.99915,4.54964,0.01772,6.56652,7,P,1,0.391847,0.49476499999999995,0.8259200000000001,9.99865,4.13863,0.036789999999999996,14.174079999999998,358.5413,53.8955,0.606693,1.33465,9.99756,3.62879,0.039,13.66535,56,H,1,0,0.131613,0.031275,0.23870999999999998,0.0,0.7602800000000001,0.00101,0.7612899999999999,25.0448,8.2446,0.123879,0.23801999999999998,0.0,0.7608600000000001,0.0011300000000000001,0.76198,0.8237777312056526,0.8160234723511272,0.8246459686835723,0.7818927577018652,0.8246459686835723,0.7818927577018652,0.8237777312056526,0.428011137391096
Cy-JohnPhos-10,C1(P(C2CCCCC2)C3CCCCC3)=CC=CC=C1C4=CC=CC=C4,C24H31P,56,0,1,met,1.3451,350.4827,3075.63,8413.6838,-0.19902999999999998,-0.01778,0.108405,0.090625,0.090625,-1274.58103352,0.496364,0.519216,0.5201600000000001,0.443812,-1274.08467,-1274.061817,-1274.0608730000001,-1274.1372210000002,6.4968,3107.3379999999997,8420.8994,297.08,0.0432,0.0,280.22,0.0024,0.0,260.58,0.0057,0.0,254.41,0.0011,0.0,237.97,0.0155,0.0,230.47,0.0064,0.0,226.85,0.0477,0.0,218.25,0.0075,0.0,215.63,0.0448,0.0,213.75,0.0666,0.0,P1,0.366406,0.464959,0.8253,9.99864,4.13713,0.038939999999999995,14.1747,329.3916,63.8892,0.5727770000000001,1.3171899999999999,9.99765,3.64089,0.04427,13.68281,C2,-0.103629,-0.163155,-0.33566,1.99885,4.314690000000001,0.022119999999999997,6.33566,54.7026,179.5105,-0.179351,-0.5432899999999999,1.9987599999999999,4.521669999999999,0.02286,6.54329,C3,-0.29122,-0.063074,-0.54399,1.99922,4.53008,0.01468,6.54399,159.8225,13.6184,-0.310958,-0.55877,1.9991700000000001,4.54435,0.01524,6.55877,C4,-0.28361,-0.0394,-0.54318,1.9991900000000002,4.52785,0.01614,6.54318,153.9145,15.7358,-0.28888800000000003,-0.57318,1.9991599999999998,4.55791,0.01612,6.573180000000001,15,C,1,0,-0.29122,-0.063074,-0.54399,1.99922,4.53008,0.01468,6.54399,159.8225,13.6184,-0.310958,-0.55877,1.9991700000000001,4.54435,0.01524,6.55877,8,C,1,0,-0.28361,-0.0394,-0.54318,1.9991900000000002,4.52785,0.01614,6.54318,153.9145,15.7358,-0.28888800000000003,-0.57318,1.9991599999999998,4.55791,0.01612,6.573180000000001,7,P,1,0.366406,0.464959,0.8253,9.99864,4.13713,0.038939999999999995,14.1747,329.3916,63.8892,0.5727770000000001,1.3171899999999999,9.99765,3.64089,0.04427,13.68281,56,H,1,0,0.151099,0.041657,0.24086,0.0,0.75802,0.00112,0.7591399999999999,24.8292,6.8205,0.136877,0.23284000000000002,0.0,0.7659699999999999,0.00119,0.7671600000000001,0.8035687554264842,0.8030897278524595,0.8297356366575849,0.7850363761564024,0.8297356366575849,0.7850363761564024,0.8035687554264842,0.5812400826322566
Cy-JohnPhos-11,C1(P(C2CCCCC2)C3CCCCC3)=CC=CC=C1C4=CC=CC=C4,C24H31P,56,0,1,met,0.963,350.4827,3373.657,8543.9205,-0.20381,-0.01905,0.11143,0.09238,0.09238,-1274.59319328,0.496069,0.518934,0.519878,0.442974,-1274.0971240000001,-1274.0742599999999,-1274.073316,-1274.15022,6.8384,3132.6809999999996,8552.4214,296.6,0.0148,0.0,279.41,0.006,0.0,249.04,0.0328,0.0,247.95,0.0009,0.0,235.84,0.0118,0.0,233.27,0.136,0.0,231.07,0.0183,0.0,221.54,0.0677,0.0,219.07,0.0329,0.0,213.7,0.1341,0.0,P1,0.410984,0.45542,0.82334,9.9986,4.14395,0.03411,14.17666,391.865,68.8571,0.596225,1.2913700000000001,9.997530000000001,3.67349,0.037610000000000005,13.70863,C2,-0.132863,-0.172763,-0.33313000000000004,1.9989,4.31194,0.02229,6.333130000000001,55.7883,178.13,-0.217085,-0.5483600000000001,1.9988,4.52775,0.02181,6.54836,C3,-0.27913899999999997,-0.014292,-0.53113,1.9992400000000001,4.51567,0.01622,6.53113,145.1373,26.7624,-0.295196,-0.5512600000000001,1.99918,4.5347599999999995,0.01732,6.55126,C4,-0.280546,-0.032803,-0.53574,1.9992400000000001,4.520980000000001,0.015519999999999999,6.5357400000000005,148.8066,26.3012,-0.29249899999999995,-0.55223,1.9991900000000002,4.5365,0.01654,6.552230000000001,8,C,1,0,-0.280546,-0.032803,-0.53574,1.9992400000000001,4.520980000000001,0.015519999999999999,6.5357400000000005,148.8066,26.3012,-0.29249899999999995,-0.55223,1.9991900000000002,4.5365,0.01654,6.552230000000001,15,C,1,0,-0.27913899999999997,-0.014292,-0.53113,1.9992400000000001,4.51567,0.01622,6.53113,145.1373,26.7624,-0.295196,-0.5512600000000001,1.99918,4.5347599999999995,0.01732,6.55126,7,P,1,0.410984,0.45542,0.82334,9.9986,4.14395,0.03411,14.17666,391.865,68.8571,0.596225,1.2913700000000001,9.997530000000001,3.67349,0.037610000000000005,13.70863,56,H,1,0,0.14237,0.031345,0.23794,0.0,0.76115,0.0009199999999999999,0.7620600000000001,24.9153,7.3042,0.13350399999999998,0.22991999999999999,0.0,0.76882,0.00126,0.77008,0.8515613304990868,0.8216520463459177,0.7982695128888356,0.8002155624083112,0.8002155624083112,0.7982695128888356,0.8515613304990868,0.5568994940271249
Cy-JohnPhos-12,C1(P(C2CCCCC2)C3CCCCC3)=CC=CC=C1C4=CC=CC=C4,C24H31P,56,0,1,met,1.4297,350.4827,3514.3109999999997,8573.7963,-0.20227,-0.02103,0.11165,0.09062,0.09062,-1274.58935144,0.49627899999999997,0.519149,0.520093,0.443431,-1274.093073,-1274.070203,-1274.069258,-1274.14592,7.2725,3480.191,8583.9463,300.06,0.0153,0.0,276.38,0.0004,0.0,253.96,0.0018,0.0,248.94,0.002,0.0,242.91,0.0214,0.0,234.39,0.1217,0.0,232.74,0.0046,0.0,218.95,0.0118,0.0,215.45,0.0645,0.0,212.04,0.069,0.0,P1,0.384523,0.474051,0.8107,9.998610000000001,4.1543,0.03639,14.1893,354.3473,121.1342,0.5944729999999999,1.31722,9.997580000000001,3.646,0.039189999999999996,13.68278,C2,-0.122752,-0.197768,-0.33864,1.99888,4.31733,0.022430000000000002,6.33864,58.0294,177.5632,-0.18732100000000002,-0.53375,1.99879,4.5136,0.02136,6.53375,C3,-0.286292,-0.040212,-0.5373600000000001,1.9992299999999998,4.52276,0.015380000000000001,6.53736,154.2405,19.6708,-0.307756,-0.5533899999999999,1.9991700000000001,4.53803,0.01619,6.55339,C4,-0.280971,-0.041565,-0.537,1.9992299999999998,4.5224,0.015369999999999998,6.537,149.9808,24.1551,-0.300753,-0.56129,1.99918,4.54582,0.01629,6.56129,15,C,1,0,-0.286292,-0.040212,-0.5373600000000001,1.9992299999999998,4.52276,0.015380000000000001,6.53736,154.2405,19.6708,-0.307756,-0.5533899999999999,1.9991700000000001,4.53803,0.01619,6.55339,8,C,1,0,-0.280971,-0.041565,-0.537,1.9992299999999998,4.5224,0.015369999999999998,6.537,149.9808,24.1551,-0.300753,-0.56129,1.99918,4.54582,0.01629,6.56129,7,P,1,0.384523,0.474051,0.8107,9.998610000000001,4.1543,0.03639,14.1893,354.3473,121.1342,0.5944729999999999,1.31722,9.997580000000001,3.646,0.039189999999999996,13.68278,56,H,1,0,0.146897,0.040012,0.23940999999999998,0.0,0.75947,0.00112,0.76059,24.95,7.8313,0.1204,0.22405,0.0,0.77481,0.00114,0.77595,0.8337774318134187,0.8088679979641328,0.8212628364420227,0.8185982455615101,0.8212628364420227,0.8185982455615101,0.8337774318134187,0.5622885542349031
Cy-JohnPhos-13,C1(P(C2CCCCC2)C3CCCCC3)=CC=CC=C1C4=CC=CC=C4,C24H31P,56,0,1,met,1.4297,350.4827,2900.196,8573.5819,-0.20227,-0.02102,0.111645,0.090625,0.090625,-1274.58935152,0.49627899999999997,0.519149,0.520093,0.443432,-1274.093073,-1274.070203,-1274.0692589999999,-1274.14592,7.2721,2968.4359999999997,8583.7302,300.06,0.0153,0.0,276.38,0.0004,0.0,253.96,0.0018,0.0,248.94,0.002,0.0,242.91,0.0214,0.0,234.39,0.1217,0.0,232.74,0.0046,0.0,218.95,0.0118,0.0,215.45,0.0644,0.0,212.04,0.069,0.0,P1,0.38452600000000003,0.47403599999999996,0.8106899999999999,9.998610000000001,4.1543,0.03639,14.18931,354.3554,121.1557,0.594468,1.31722,9.997580000000001,3.646,0.0392,13.68278,C2,-0.122745,-0.197777,-0.33864,1.99888,4.31733,0.022430000000000002,6.33864,58.0305,177.5639,-0.187318,-0.53376,1.99879,4.51361,0.02136,6.53376,C3,-0.280967,-0.041557,-0.537,1.9992299999999998,4.5224,0.015369999999999998,6.537,149.9773,24.1619,-0.30075100000000005,-0.5613100000000001,1.99918,4.5458300000000005,0.0163,6.561310000000001,C4,-0.286288,-0.0402,-0.53735,1.9992299999999998,4.52275,0.015380000000000001,6.53735,154.2338,19.6762,-0.307751,-0.55338,1.9991700000000001,4.5380199999999995,0.01619,6.553380000000001,8,C,1,0,-0.286288,-0.0402,-0.53735,1.9992299999999998,4.52275,0.015380000000000001,6.53735,154.2338,19.6762,-0.307751,-0.55338,1.9991700000000001,4.5380199999999995,0.01619,6.553380000000001,15,C,1,0,-0.280967,-0.041557,-0.537,1.9992299999999998,4.5224,0.015369999999999998,6.537,149.9773,24.1619,-0.30075100000000005,-0.5613100000000001,1.99918,4.5458300000000005,0.0163,6.561310000000001,7,P,1,0.38452600000000003,0.47403599999999996,0.8106899999999999,9.998610000000001,4.1543,0.03639,14.18931,354.3554,121.1557,0.594468,1.31722,9.997580000000001,3.646,0.0392,13.68278,52,H,1,0,0.146895,0.040008999999999996,0.23940999999999998,0.0,0.75947,0.00112,0.76059,24.9499,7.8309,0.120406,0.22405999999999998,0.0,0.77481,0.00114,0.77594,0.8337474925900422,0.8088380587407562,0.8185084278913805,0.8212628364420227,0.8212628364420227,0.8185084278913805,0.8337474925900422,0.5623184934582797
Cy-JohnPhos-16,C1(P(C2CCCCC2)C3CCCCC3)=CC=CC=C1C4=CC=CC=C4,C24H31P,56,0,1,met,0.9631,350.4827,3201.952,8544.2349,-0.2038,-0.01905,0.111425,0.092375,0.092375,-1274.59319312,0.49606999999999996,0.518934,0.519878,0.44297600000000004,-1274.097123,-1274.074259,-1274.073315,-1274.1502169999999,6.8401,3133.092,8552.7398,296.63,0.0148,0.0,279.45,0.006,0.0,249.05,0.0328,0.0,247.97,0.0009,0.0,235.84,0.0121,0.0,233.29,0.1361,0.0,231.08,0.0183,0.0,221.54,0.0676,0.0,219.07,0.0329,0.0,213.69,0.1338,0.0,P1,0.41097399999999995,0.455456,0.8233299999999999,9.9986,4.14395,0.03411,14.176670000000001,391.8501,68.8644,0.596313,1.29146,9.997530000000001,3.67341,0.0376,13.70854,C2,-0.13291,-0.172741,-0.33314,1.9989,4.31195,0.02229,6.33314,55.7912,178.1313,-0.217153,-0.54838,1.9988,4.527769999999999,0.0218,6.54838,C3,-0.279147,-0.014322999999999999,-0.53114,1.9992400000000001,4.515680000000001,0.01622,6.53114,145.149,26.7543,-0.295211,-0.5512600000000001,1.99918,4.5347599999999995,0.01732,6.55126,C4,-0.280524,-0.032825,-0.53574,1.9992400000000001,4.520980000000001,0.015519999999999999,6.5357400000000005,148.811,26.2881,-0.292498,-0.55223,1.9991900000000002,4.53651,0.01654,6.552230000000001,8,C,1,0,-0.280524,-0.032825,-0.53574,1.9992400000000001,4.520980000000001,0.015519999999999999,6.5357400000000005,148.811,26.2881,-0.292498,-0.55223,1.9991900000000002,4.53651,0.01654,6.552230000000001,15,C,1,0,-0.279147,-0.014322999999999999,-0.53114,1.9992400000000001,4.515680000000001,0.01622,6.53114,145.149,26.7543,-0.295211,-0.5512600000000001,1.99918,4.5347599999999995,0.01732,6.55126,7,P,1,0.41097399999999995,0.455456,0.8233299999999999,9.9986,4.14395,0.03411,14.176670000000001,391.8501,68.8644,0.596313,1.29146,9.997530000000001,3.67341,0.0376,13.70854,52,H,1,0,0.142376,0.031346,0.23794,0.0,0.76115,0.0009199999999999999,0.7620600000000001,24.9149,7.3057,0.133468,0.22989,0.0,0.76885,0.00126,0.7701100000000001,0.8514715128289573,0.8216520463459177,0.7983892697823418,0.8002155624083112,0.8002155624083112,0.7983892697823418,0.8514715128289573,0.5571988862608903
Cy-JohnPhos-17,C1(P(C2CCCCC2)C3CCCCC3)=CC=CC=C1C4=CC=CC=C4,C24H31P,56,0,1,met,0.9631,350.4827,3270.7709999999997,8544.1827,-0.2038,-0.01905,0.111425,0.092375,0.092375,-1274.59319303,0.496069,0.518933,0.519877,0.44297200000000003,-1274.0971240000001,-1274.0742599999999,-1274.073316,-1274.150221,6.8395,2651.046,8552.686,296.63,0.0148,0.0,279.45,0.006,0.0,249.05,0.0328,0.0,247.97,0.0009,0.0,235.84,0.012,0.0,233.28,0.1362,0.0,231.08,0.0183,0.0,221.54,0.0676,0.0,219.07,0.0329,0.0,213.69,0.1338,0.0,P1,0.410973,0.455449,0.82334,9.9986,4.14395,0.03411,14.17666,391.8504,68.8633,0.5962970000000001,1.29144,9.997530000000001,3.67343,0.037610000000000005,13.70856,C2,-0.1329,-0.172753,-0.33314,1.9989,4.31195,0.02229,6.33314,55.7926,178.1309,-0.217138,-0.54838,1.9988,4.527769999999999,0.0218,6.54838,C3,-0.28053,-0.032804,-0.53574,1.9992400000000001,4.520969999999999,0.015519999999999999,6.5357400000000005,148.809,26.2936,-0.292501,-0.55223,1.9991900000000002,4.53651,0.01654,6.552230000000001,C4,-0.279149,-0.014313,-0.53114,1.9992400000000001,4.515680000000001,0.01622,6.53114,145.1485,26.7536,-0.295212,-0.5512699999999999,1.99918,4.53477,0.01732,6.55127,15,C,1,0,-0.28053,-0.032804,-0.53574,1.9992400000000001,4.520969999999999,0.015519999999999999,6.5357400000000005,148.809,26.2936,-0.292501,-0.55223,1.9991900000000002,4.53651,0.01654,6.552230000000001,8,C,1,0,-0.279149,-0.014313,-0.53114,1.9992400000000001,4.515680000000001,0.01622,6.53114,145.1485,26.7536,-0.295212,-0.5512699999999999,1.99918,4.53477,0.01732,6.55127,7,P,1,0.410973,0.455449,0.82334,9.9986,4.14395,0.03411,14.17666,391.8504,68.8633,0.5962970000000001,1.29144,9.997530000000001,3.67343,0.037610000000000005,13.70856,52,H,1,0,0.142372,0.031345,0.23794,0.0,0.76115,0.0009199999999999999,0.7620600000000001,24.9149,7.3056,0.13347699999999998,0.2299,0.0,0.76884,0.00126,0.7701,0.8513816951588276,0.8215921678991647,0.8000958055148049,0.7982695128888356,0.8000958055148049,0.7982695128888356,0.8513816951588276,0.5571390078141373
Cy-JohnPhos-18,C1(P(C2CCCCC2)C3CCCCC3)=CC=CC=C1C4=CC=CC=C4,C24H31P,56,0,1,met,0.9533,350.4827,2924.21,8983.3432,-0.1996,-0.016630000000000002,0.108115,0.091485,0.091485,-1274.58590153,0.49611099999999997,0.519041,0.519985,0.44268,-1274.089791,-1274.06686,-1274.065916,-1274.143221,7.1579999999999995,3638.262,8993.9084,294.52,0.0426,0.0,282.1,0.0151,0.0,253.96,0.0239,0.0,243.81,0.0233,0.0,238.58,0.0043,0.0,231.13,0.1422,0.0,228.41,0.0385,0.0,218.44,0.0453,0.0,215.92,0.029,0.0,211.01,0.0389,0.0,P1,0.40387,0.44833999999999996,0.8293200000000001,9.99863,4.13592,0.03613,14.170679999999999,359.9316,71.3996,0.599725,1.28241,9.99767,3.68249,0.03743,13.71759,C2,-0.14185599999999998,-0.135713,-0.32643,1.99889,4.30469,0.02285,6.32643,53.1943,180.8711,-0.22448,-0.5152100000000001,1.9988,4.49429,0.022119999999999997,6.51521,C3,-0.281604,-0.059637,-0.54787,1.9992400000000001,4.53377,0.01486,6.54787,157.4856,13.3819,-0.297707,-0.55609,1.9991900000000002,4.54239,0.014509999999999999,6.556089999999999,C4,-0.28832800000000003,-0.039811,-0.53522,1.9991900000000002,4.51901,0.01702,6.53522,149.1738,25.6172,-0.297448,-0.5545800000000001,1.9991599999999998,4.538130000000001,0.01729,6.5545800000000005,15,C,1,0,-0.281604,-0.059637,-0.54787,1.9992400000000001,4.53377,0.01486,6.54787,157.4856,13.3819,-0.297707,-0.55609,1.9991900000000002,4.54239,0.014509999999999999,6.556089999999999,8,C,1,0,-0.28832800000000003,-0.039811,-0.53522,1.9991900000000002,4.51901,0.01702,6.53522,149.1738,25.6172,-0.297448,-0.5545800000000001,1.9991599999999998,4.538130000000001,0.01729,6.5545800000000005,7,P,1,0.40387,0.44833999999999996,0.8293200000000001,9.99863,4.13592,0.03613,14.170679999999999,359.9316,71.3996,0.599725,1.28241,9.99767,3.68249,0.03743,13.71759,56,H,1,0,0.14214200000000002,0.032194,0.24059,0.0,0.75855,0.00086,0.75941,24.7827,8.2225,0.12533,0.2276,0.0,0.77132,0.00108,0.7724,0.8267417143199305,0.8059938325199845,0.8241070626627944,0.7766234543875931,0.8241070626627944,0.7766234543875931,0.8267417143199305,0.496212688242867
Cy-JohnPhos-19,C1(P(C2CCCCC2)C3CCCCC3)=CC=CC=C1C4=CC=CC=C4,C24H31P,56,0,1,met,0.9532,350.4827,3536.17,8629.3417,-0.20265,-0.020390000000000002,0.11152000000000001,0.09112999999999999,0.09112999999999999,-1274.58788227,0.49612799999999996,0.519039,0.519983,0.44272399999999995,-1274.0917539999998,-1274.068844,-1274.0678990000001,-1274.145158,6.4786,2559.513,8635.5193,302.72,0.0116,0.0,282.5,0.0037,0.0,250.9,0.0272,0.0,248.53,0.0046,0.0,237.4,0.0499,0.0,235.85,0.0862,0.0,232.12,0.0314,0.0,222.95,0.0956,0.0,220.29,0.0336,0.0,216.97,0.1608,0.0,P1,0.393637,0.485799,0.83573,9.99863,4.12889,0.03675,14.164270000000002,376.6567,28.7018,0.586464,1.32885,9.99751,3.6327800000000003,0.04085,13.67115,C2,-0.12398599999999999,-0.19008699999999998,-0.33888,1.99888,4.31796,0.02205,6.3388800000000005,55.5933,176.3682,-0.202415,-0.55157,1.99878,4.5309099999999995,0.02188,6.55157,C3,-0.28647100000000003,-0.040425,-0.54437,1.9992,4.52845,0.01672,6.54437,154.2218,15.7285,-0.29120999999999997,-0.56989,1.9991599999999998,4.55399,0.01675,6.569889999999999,C4,-0.282574,-0.046051,-0.53777,1.9992400000000001,4.5229,0.01563,6.53777,152.1549,17.6207,-0.296597,-0.55865,1.9991900000000002,4.543,0.01646,6.55865,15,C,1,0,-0.28647100000000003,-0.040425,-0.54437,1.9992,4.52845,0.01672,6.54437,154.2218,15.7285,-0.29120999999999997,-0.56989,1.9991599999999998,4.55399,0.01675,6.569889999999999,8,C,1,0,-0.282574,-0.046051,-0.53777,1.9992400000000001,4.5229,0.01563,6.53777,152.1549,17.6207,-0.296597,-0.55865,1.9991900000000002,4.543,0.01646,6.55865,7,P,1,0.393637,0.485799,0.83573,9.99863,4.12889,0.03675,14.164270000000002,376.6567,28.7018,0.586464,1.32885,9.99751,3.6327800000000003,0.04085,13.67115,56,H,1,0,0.144808,0.031841,0.2358,0.0,0.7632399999999999,0.0009699999999999999,0.7642,24.8034,7.3735,0.136767,0.22996999999999998,0.0,0.76886,0.00117,0.77003,0.828088979371875,0.8282686147121343,0.7857848567408161,0.8077602466992005,0.7857848567408161,0.8077602466992005,0.828088979371875,0.5768090775725278
Cy-JohnPhos-21,C1(P(C2CCCCC2)C3CCCCC3)=CC=CC=C1C4=CC=CC=C4,C24H31P,56,0,1,met,1.4298,350.4827,3514.3309999999997,8573.5986,-0.20227,-0.02102,0.111645,0.090625,0.090625,-1274.5893515,0.49627899999999997,0.519149,0.520093,0.443432,-1274.093073,-1274.070203,-1274.069258,-1274.14592,7.2721,3207.2540000000004,8583.7473,300.06,0.0153,0.0,276.38,0.0004,0.0,253.96,0.0018,0.0,248.94,0.002,0.0,242.91,0.0214,0.0,234.39,0.1217,0.0,232.74,0.0046,0.0,218.95,0.0118,0.0,215.45,0.0644,0.0,212.04,0.069,0.0,P1,0.38452600000000003,0.474038,0.8107,9.998610000000001,4.1543,0.03639,14.1893,354.3554,121.1538,0.5944659999999999,1.31722,9.997580000000001,3.64601,0.0392,13.68278,C2,-0.122745,-0.197775,-0.33864,1.99888,4.31733,0.022430000000000002,6.33864,58.0303,177.5641,-0.18732100000000002,-0.53376,1.99879,4.51361,0.02136,6.53376,C3,-0.28628899999999996,-0.040201,-0.53735,1.9992299999999998,4.52275,0.015380000000000001,6.53735,154.2345,19.6756,-0.307751,-0.55338,1.9991700000000001,4.5380199999999995,0.01619,6.553380000000001,C4,-0.280968,-0.041563,-0.537,1.9992299999999998,4.5224,0.015369999999999998,6.537,149.978,24.1606,-0.30075100000000005,-0.5613100000000001,1.99918,4.5458300000000005,0.0163,6.561310000000001,15,C,1,0,-0.28628899999999996,-0.040201,-0.53735,1.9992299999999998,4.52275,0.015380000000000001,6.53735,154.2345,19.6756,-0.307751,-0.55338,1.9991700000000001,4.5380199999999995,0.01619,6.553380000000001,8,C,1,0,-0.280968,-0.041563,-0.537,1.9992299999999998,4.5224,0.015369999999999998,6.537,149.978,24.1606,-0.30075100000000005,-0.5613100000000001,1.99918,4.5458300000000005,0.0163,6.561310000000001,7,P,1,0.38452600000000003,0.474038,0.8107,9.998610000000001,4.1543,0.03639,14.1893,354.3554,121.1538,0.5944659999999999,1.31722,9.997580000000001,3.64601,0.0392,13.68278,56,H,1,0,0.146895,0.040010000000000004,0.23940999999999998,0.0,0.75947,0.00112,0.76059,24.9499,7.831,0.12040799999999999,0.22405999999999998,0.0,0.7748,0.00114,0.77594,0.8337474925900422,0.8088081195173797,0.8212328972186461,0.8185084278913805,0.8212328972186461,0.8185084278913805,0.8337474925900422,0.5623184934582797
Cy-JohnPhos-23,C1(P(C2CCCCC2)C3CCCCC3)=CC=CC=C1C4=CC=CC=C4,C24H31P,56,0,1,met,0.9532,350.4827,2997.6740000000004,8629.3893,-0.20265,-0.020390000000000002,0.11152000000000001,0.09112999999999999,0.09112999999999999,-1274.58788238,0.496129,0.519039,0.519983,0.44272700000000004,-1274.091753,-1274.068844,-1274.0678990000001,-1274.1451550000002,6.4789,3536.5820000000003,8635.5685,302.73,0.0116,0.0,282.52,0.0037,0.0,250.9,0.0272,0.0,248.54,0.0046,0.0,237.4,0.0505,0.0,235.85,0.0858,0.0,232.12,0.0314,0.0,222.95,0.0955,0.0,220.29,0.0337,0.0,216.96,0.1606,0.0,P1,0.39364,0.485818,0.83572,9.99863,4.1289,0.03675,14.164279999999998,376.6571,28.7307,0.586489,1.32885,9.99751,3.63279,0.04085,13.67115,C2,-0.123998,-0.190082,-0.33888,1.99888,4.31795,0.02205,6.3388800000000005,55.5967,176.3651,-0.202431,-0.55156,1.99878,4.5309099999999995,0.02188,6.55156,C3,-0.282572,-0.046062,-0.53778,1.9992400000000001,4.5229099999999995,0.01563,6.537780000000001,152.1535,17.6221,-0.296603,-0.55866,1.9991900000000002,4.54301,0.01646,6.558660000000001,C4,-0.286466,-0.04043,-0.54437,1.9992,4.52845,0.01672,6.54437,154.2202,15.7279,-0.291213,-0.56989,1.9991599999999998,4.55399,0.01674,6.569889999999999,8,C,1,0,-0.286466,-0.04043,-0.54437,1.9992,4.52845,0.01672,6.54437,154.2202,15.7279,-0.291213,-0.56989,1.9991599999999998,4.55399,0.01674,6.569889999999999,15,C,1,0,-0.282572,-0.046062,-0.53778,1.9992400000000001,4.5229099999999995,0.01563,6.537780000000001,152.1535,17.6221,-0.296603,-0.55866,1.9991900000000002,4.54301,0.01646,6.558660000000001,7,P,1,0.39364,0.485818,0.83572,9.99863,4.1289,0.03675,14.164279999999998,376.6571,28.7307,0.586489,1.32885,9.99751,3.63279,0.04085,13.67115,56,H,1,0,0.144814,0.031838,0.2358,0.0,0.7632399999999999,0.0009699999999999999,0.7642,24.8033,7.3734,0.136765,0.22996,0.0,0.7688699999999999,0.00117,0.77004,0.8281787970420047,0.8282386754887577,0.8078201251459536,0.7858746744109458,0.7858746744109458,0.8078201251459536,0.8281787970420047,0.5771084698062933
Cy-JohnPhos-24,C1(P(C2CCCCC2)C3CCCCC3)=CC=CC=C1C4=CC=CC=C4,C24H31P,56,0,1,met,0.9631,350.4827,3270.953,8544.0848,-0.2038,-0.01905,0.111425,0.092375,0.092375,-1274.59319285,0.496069,0.518933,0.519877,0.44297299999999995,-1274.0971240000001,-1274.0742599999999,-1274.073315,-1274.1502189999999,6.8397,2857.78,8552.5885,296.63,0.0148,0.0,279.46,0.006,0.0,249.05,0.0328,0.0,247.97,0.0009,0.0,235.84,0.0121,0.0,233.29,0.1362,0.0,231.08,0.0183,0.0,221.54,0.0676,0.0,219.07,0.033,0.0,213.69,0.1337,0.0,P1,0.41097700000000004,0.45545,0.82334,9.9986,4.14395,0.03412,14.17666,391.8558,68.8583,0.5963109999999999,1.29144,9.997530000000001,3.67343,0.0376,13.70856,C2,-0.132914,-0.172739,-0.33314,1.9989,4.31195,0.02229,6.33314,55.792,178.134,-0.217162,-0.54838,1.9988,4.527769999999999,0.0218,6.54838,C3,-0.28052,-0.032818,-0.53574,1.9992400000000001,4.520980000000001,0.015519999999999999,6.5357400000000005,148.8087,26.2919,-0.292496,-0.55223,1.9991900000000002,4.53651,0.01654,6.552230000000001,C4,-0.27915,-0.014315999999999999,-0.53114,1.9992400000000001,4.515680000000001,0.01622,6.53114,145.1501,26.7546,-0.295211,-0.5512600000000001,1.99918,4.5347599999999995,0.01731,6.55126,15,C,1,0,-0.28052,-0.032818,-0.53574,1.9992400000000001,4.520980000000001,0.015519999999999999,6.5357400000000005,148.8087,26.2919,-0.292496,-0.55223,1.9991900000000002,4.53651,0.01654,6.552230000000001,8,C,1,0,-0.27915,-0.014315999999999999,-0.53114,1.9992400000000001,4.515680000000001,0.01622,6.53114,145.1501,26.7546,-0.295211,-0.5512600000000001,1.99918,4.5347599999999995,0.01731,6.55126,7,P,1,0.41097700000000004,0.45545,0.82334,9.9986,4.14395,0.03412,14.17666,391.8558,68.8583,0.5963109999999999,1.29144,9.997530000000001,3.67343,0.0376,13.70856,52,H,1,0,0.142376,0.031345,0.23794,0.0,0.7611399999999999,0.0009199999999999999,0.7620600000000001,24.9145,7.3057,0.133471,0.22989,0.0,0.76885,0.00126,0.7701100000000001,0.8515313912757103,0.8216221071225411,0.8002155624083112,0.7984192090057184,0.8002155624083112,0.7984192090057184,0.8515313912757103,0.55728870393102
Cy-JohnPhos-25,C1(P(C2CCCCC2)C3CCCCC3)=CC=CC=C1C4=CC=CC=C4,C24H31P,56,0,1,met,0.9578,350.4827,3590.903,8575.5664,-0.2037,-0.018340000000000002,0.11102000000000001,0.09268,0.09268,-1274.59265481,0.49598000000000003,0.518887,0.519831,0.442576,-1274.096675,-1274.073768,-1274.072824,-1274.150078,6.7481,2804.324,8583.9333,294.69,0.0177,0.0,279.07,0.0111,0.0,249.06,0.0232,0.0,247.38,0.0076,0.0,234.72,0.0172,0.0,232.88,0.146,0.0,230.53,0.0152,0.0,220.9,0.0661,0.0,218.79,0.0303,0.0,213.1,0.12,0.0,P1,0.40789200000000003,0.44560500000000003,0.8229700000000001,9.9986,4.144419999999999,0.034010000000000006,14.177029999999998,388.9898,64.7445,0.588571,1.2799399999999999,9.99755,3.68532,0.03719,13.72006,C2,-0.129147,-0.165998,-0.33036,1.9989,4.30917,0.02229,6.33036,54.3357,178.1308,-0.21617199999999998,-0.54574,1.9988099999999998,4.525,0.02194,6.54574,C3,-0.284165,-0.029738,-0.54098,1.99925,4.52654,0.01519,6.54098,151.3021,23.0011,-0.295495,-0.55303,1.9991900000000002,4.5383,0.01554,6.553030000000001,C4,-0.273438,-0.021109,-0.52656,1.9992400000000001,4.51088,0.01645,6.52656,140.1895,32.5532,-0.288362,-0.5475800000000001,1.9991900000000002,4.53025,0.01815,6.54758,15,C,1,0,-0.284165,-0.029738,-0.54098,1.99925,4.52654,0.01519,6.54098,151.3021,23.0011,-0.295495,-0.55303,1.9991900000000002,4.5383,0.01554,6.553030000000001,8,C,1,0,-0.273438,-0.021109,-0.52656,1.9992400000000001,4.51088,0.01645,6.52656,140.1895,32.5532,-0.288362,-0.5475800000000001,1.9991900000000002,4.53025,0.01815,6.54758,7,P,1,0.40789200000000003,0.44560500000000003,0.8229700000000001,9.9986,4.144419999999999,0.034010000000000006,14.177029999999998,388.9898,64.7445,0.588571,1.2799399999999999,9.99755,3.68532,0.03719,13.72006,56,H,1,0,0.14752,0.029528,0.23565999999999998,0.0,0.76353,0.00081,0.7643399999999999,24.7348,7.5469,0.140222,0.2277,0.0,0.77123,0.00106,0.7723,0.8506332145744139,0.8198856321667016,0.8035687554264842,0.7960540103589713,0.8035687554264842,0.7960540103589713,0.8506332145744139,0.5263315469596719
Cy-JohnPhos-26,C1(P(C2CCCCC2)C3CCCCC3)=CC=CC=C1C4=CC=CC=C4,C24H31P,56,0,1,met,0.9577,350.4827,3112.039,8575.584,-0.20371,-0.018340000000000002,0.111025,0.092685,0.092685,-1274.59265478,0.49598000000000003,0.518887,0.519831,0.44257700000000005,-1274.096675,-1274.073768,-1274.072824,-1274.150077,6.7482,2941.048,8583.9512,294.69,0.0177,0.0,279.06,0.0111,0.0,249.06,0.0231,0.0,247.38,0.0076,0.0,234.71,0.0173,0.0,232.88,0.146,0.0,230.53,0.0152,0.0,220.89,0.0661,0.0,218.79,0.0303,0.0,213.1,0.12,0.0,P1,0.407895,0.445583,0.8229700000000001,9.9986,4.144419999999999,0.034010000000000006,14.177029999999998,388.9856,64.7491,0.588577,1.2799200000000002,9.99755,3.68534,0.03719,13.72008,C2,-0.129155,-0.165984,-0.33035,1.9989,4.309159999999999,0.02229,6.33035,54.3326,178.1329,-0.216182,-0.54573,1.9988099999999998,4.52498,0.02194,6.545730000000001,C3,-0.273436,-0.02111,-0.52656,1.9992400000000001,4.51088,0.01645,6.52656,140.1888,32.5545,-0.28835900000000003,-0.5475800000000001,1.9991900000000002,4.53024,0.01815,6.54758,C4,-0.28416399999999997,-0.029729000000000002,-0.54098,1.99925,4.52654,0.01519,6.54098,151.3015,23.0021,-0.295494,-0.55302,1.9991900000000002,4.53829,0.01554,6.55302,8,C,1,0,-0.28416399999999997,-0.029729000000000002,-0.54098,1.99925,4.52654,0.01519,6.54098,151.3015,23.0021,-0.295494,-0.55302,1.9991900000000002,4.53829,0.01554,6.55302,15,C,1,0,-0.273436,-0.02111,-0.52656,1.9992400000000001,4.51088,0.01645,6.52656,140.1888,32.5545,-0.28835900000000003,-0.5475800000000001,1.9991900000000002,4.53024,0.01815,6.54758,7,P,1,0.407895,0.445583,0.8229700000000001,9.9986,4.144419999999999,0.034010000000000006,14.177029999999998,388.9856,64.7491,0.588577,1.2799200000000002,9.99755,3.68534,0.03719,13.72008,52,H,1,0,0.147519,0.029526999999999998,0.23567,0.0,0.76352,0.00081,0.7643300000000001,24.7348,7.5471,0.14021,0.2277,0.0,0.77123,0.00106,0.7723,0.8506930930211669,0.8198556929433249,0.7960240711355947,0.8036286338732372,0.8036286338732372,0.7960240711355947,0.8506930930211669,0.5263016077362953
Cy-JohnPhos-27,C1(P(C2CCCCC2)C3CCCCC3)=CC=CC=C1C4=CC=CC=C4,C24H31P,56,0,1,met,0.9578,350.4827,3932.9590000000003,8575.5473,-0.2037,-0.018340000000000002,0.11102000000000001,0.09268,0.09268,-1274.59265482,0.49598000000000003,0.518887,0.519831,0.442576,-1274.096675,-1274.073768,-1274.072824,-1274.150079,6.7482,2906.97,8583.9146,294.69,0.0177,0.0,279.06,0.0111,0.0,249.06,0.0231,0.0,247.38,0.0076,0.0,234.72,0.017,0.0,232.88,0.1462,0.0,230.53,0.0152,0.0,220.9,0.0661,0.0,218.79,0.0303,0.0,213.1,0.12,0.0,P1,0.40788800000000003,0.44560900000000003,0.8229700000000001,9.9986,4.14441,0.034010000000000006,14.177029999999998,388.9854,64.7556,0.5885640000000001,1.27995,9.99755,3.68531,0.03719,13.72005,C2,-0.129151,-0.165987,-0.33036,1.9989,4.30917,0.02229,6.33036,54.3355,178.1316,-0.216177,-0.54575,1.9988099999999998,4.52501,0.02194,6.54575,C3,-0.284161,-0.029738999999999998,-0.54098,1.99925,4.52655,0.01519,6.54098,151.3029,22.9986,-0.295491,-0.55303,1.9991900000000002,4.53831,0.01554,6.553030000000001,C4,-0.273433,-0.021113999999999997,-0.52656,1.9992400000000001,4.51088,0.01645,6.52656,140.1904,32.5521,-0.28835500000000003,-0.5475800000000001,1.9991900000000002,4.53025,0.01815,6.54758,15,C,1,0,-0.284161,-0.029738999999999998,-0.54098,1.99925,4.52655,0.01519,6.54098,151.3029,22.9986,-0.295491,-0.55303,1.9991900000000002,4.53831,0.01554,6.553030000000001,8,C,1,0,-0.273433,-0.021113999999999997,-0.52656,1.9992400000000001,4.51088,0.01645,6.52656,140.1904,32.5521,-0.28835500000000003,-0.5475800000000001,1.9991900000000002,4.53025,0.01815,6.54758,7,P,1,0.40788800000000003,0.44560900000000003,0.8229700000000001,9.9986,4.14441,0.034010000000000006,14.177029999999998,388.9854,64.7556,0.5885640000000001,1.27995,9.99755,3.68531,0.03719,13.72005,56,H,1,0,0.147513,0.029532,0.23565999999999998,0.0,0.76353,0.00081,0.7643399999999999,24.735,7.5467,0.140224,0.22771,0.0,0.77123,0.00106,0.7722899999999999,0.8506032753510374,0.8198556929433249,0.8035687554264842,0.7960540103589713,0.8035687554264842,0.7960540103589713,0.8506032753510374,0.5263016077362953
