additive_file_name,additive_SMILES,additive_stoichiometry,additive_number_of_atoms,additive_charge,additive_multiplicity,additive_convergence_criteria,additive_dipole,additive_molar_mass,additive_molar_volume,additive_electronic_spatial_extent,additive_homo_energy,additive_lumo_energy,additive_electronegativity,additive_hardness,additive_electrophilicity,additive_E_scf,additive_zero_point_correction,additive_E_thermal_correction,additive_H_thermal_correction,additive_G_thermal_correction,additive_E_zpe,additive_E,additive_H,additive_G,additive_ES_root_dipole,additive_ES_root_molar_volume,additive_ES_root_electronic_spatial_extent,additive_ES1_transition,additive_ES1_osc_strength,additive_ES1_<S**2>,additive_ES2_transition,additive_ES2_osc_strength,additive_ES2_<S**2>,additive_ES3_transition,additive_ES3_osc_strength,additive_ES3_<S**2>,additive_ES4_transition,additive_ES4_osc_strength,additive_ES4_<S**2>,additive_ES5_transition,additive_ES5_osc_strength,additive_ES5_<S**2>,additive_ES6_transition,additive_ES6_osc_strength,additive_ES6_<S**2>,additive_ES7_transition,additive_ES7_osc_strength,additive_ES7_<S**2>,additive_ES8_transition,additive_ES8_osc_strength,additive_ES8_<S**2>,additive_ES9_transition,additive_ES9_osc_strength,additive_ES9_<S**2>,additive_ES10_transition,additive_ES10_osc_strength,additive_ES10_<S**2>,additive_atom1_atom,additive_atom1_Mulliken_charge,additive_atom1_APT_charge,additive_atom1_NPA_charge,additive_atom1_NPA_core,additive_atom1_NPA_valence,additive_atom1_NPA_Rydberg,additive_atom1_NPA_total,additive_atom1_NMR_shift,additive_atom1_NMR_anisotropy,additive_atom1_ES_root_Mulliken_charge,additive_atom1_ES_root_NPA_charge,additive_atom1_ES_root_NPA_core,additive_atom1_ES_root_NPA_valence,additive_atom1_ES_root_NPA_Rydberg,additive_atom1_ES_root_NPA_total,additive_atom2_atom,additive_atom2_Mulliken_charge,additive_atom2_APT_charge,additive_atom2_NPA_charge,additive_atom2_NPA_core,additive_atom2_NPA_valence,additive_atom2_NPA_Rydberg,additive_atom2_NPA_total,additive_atom2_NMR_shift,additive_atom2_NMR_anisotropy,additive_atom2_ES_root_Mulliken_charge,additive_atom2_ES_root_NPA_charge,additive_atom2_ES_root_NPA_core,additive_atom2_ES_root_NPA_valence,additive_atom2_ES_root_NPA_Rydberg,additive_atom2_ES_root_NPA_total,additive_atom3_atom,additive_atom3_Mulliken_charge,additive_atom3_APT_charge,additive_atom3_NPA_charge,additive_atom3_NPA_core,additive_atom3_NPA_valence,additive_atom3_NPA_Rydberg,additive_atom3_NPA_total,additive_atom3_NMR_shift,additive_atom3_NMR_anisotropy,additive_atom3_ES_root_Mulliken_charge,additive_atom3_ES_root_NPA_charge,additive_atom3_ES_root_NPA_core,additive_atom3_ES_root_NPA_valence,additive_atom3_ES_root_NPA_Rydberg,additive_atom3_ES_root_NPA_total,additive_atom4_atom,additive_atom4_Mulliken_charge,additive_atom4_APT_charge,additive_atom4_NPA_charge,additive_atom4_NPA_core,additive_atom4_NPA_valence,additive_atom4_NPA_Rydberg,additive_atom4_NPA_total,additive_atom4_NMR_shift,additive_atom4_NMR_anisotropy,additive_atom4_ES_root_Mulliken_charge,additive_atom4_ES_root_NPA_charge,additive_atom4_ES_root_NPA_core,additive_atom4_ES_root_NPA_valence,additive_atom4_ES_root_NPA_Rydberg,additive_atom4_ES_root_NPA_total,additive_atom5_atom,additive_atom5_Mulliken_charge,additive_atom5_APT_charge,additive_atom5_NPA_charge,additive_atom5_NPA_core,additive_atom5_NPA_valence,additive_atom5_NPA_Rydberg,additive_atom5_NPA_total,additive_atom5_NMR_shift,additive_atom5_NMR_anisotropy,additive_atom5_ES_root_Mulliken_charge,additive_atom5_ES_root_NPA_charge,additive_atom5_ES_root_NPA_core,additive_atom5_ES_root_NPA_valence,additive_atom5_ES_root_NPA_Rydberg,additive_atom5_ES_root_NPA_total,additive_c_min_atom_number,additive_c_min_atom,additive_c_min_atom=C,additive_c_min_atom=O,additive_c_min_atom=F,additive_c_min_atom=N,additive_c_min_Mulliken_charge,additive_c_min_APT_charge,additive_c_min_NPA_charge,additive_c_min_NPA_core,additive_c_min_NPA_valence,additive_c_min_NPA_Rydberg,additive_c_min_NPA_total,additive_c_min_NMR_shift,additive_c_min_NMR_anisotropy,additive_c_min_ES_root_Mulliken_charge,additive_c_min_ES_root_NPA_charge,additive_c_min_ES_root_NPA_core,additive_c_min_ES_root_NPA_valence,additive_c_min_ES_root_NPA_Rydberg,additive_c_min_ES_root_NPA_total,additive_c_min+1_atom_number,additive_c_min+1_atom,additive_c_min+1_atom=C,additive_c_min+1_atom=O,additive_c_min+1_atom=F,additive_c_min+1_atom=N,additive_c_min+1_Mulliken_charge,additive_c_min+1_APT_charge,additive_c_min+1_NPA_charge,additive_c_min+1_NPA_core,additive_c_min+1_NPA_valence,additive_c_min+1_NPA_Rydberg,additive_c_min+1_NPA_total,additive_c_min+1_NMR_shift,additive_c_min+1_NMR_anisotropy,additive_c_min+1_ES_root_Mulliken_charge,additive_c_min+1_ES_root_NPA_charge,additive_c_min+1_ES_root_NPA_core,additive_c_min+1_ES_root_NPA_valence,additive_c_min+1_ES_root_NPA_Rydberg,additive_c_min+1_ES_root_NPA_total,additive_c_max_atom_number,additive_c_max_atom,additive_c_max_atom=C,additive_c_max_Mulliken_charge,additive_c_max_APT_charge,additive_c_max_NPA_charge,additive_c_max_NPA_core,additive_c_max_NPA_valence,additive_c_max_NPA_Rydberg,additive_c_max_NPA_total,additive_c_max_NMR_shift,additive_c_max_NMR_anisotropy,additive_c_max_ES_root_Mulliken_charge,additive_c_max_ES_root_NPA_charge,additive_c_max_ES_root_NPA_core,additive_c_max_ES_root_NPA_valence,additive_c_max_ES_root_NPA_Rydberg,additive_c_max_ES_root_NPA_total,additive_c_max-1_atom_number,additive_c_max-1_atom,additive_c_max-1_atom=C,additive_c_max-1_atom=H,additive_c_max-1_Mulliken_charge,additive_c_max-1_APT_charge,additive_c_max-1_NPA_charge,additive_c_max-1_NPA_core,additive_c_max-1_NPA_valence,additive_c_max-1_NPA_Rydberg,additive_c_max-1_NPA_total,additive_c_max-1_NMR_shift,additive_c_max-1_NMR_anisotropy,additive_c_max-1_ES_root_Mulliken_charge,additive_c_max-1_ES_root_NPA_charge,additive_c_max-1_ES_root_NPA_core,additive_c_max-1_ES_root_NPA_valence,additive_c_max-1_ES_root_NPA_Rydberg,additive_c_max-1_ES_root_NPA_total,additive_atom1_%VBur,additive_atom2_%VBur,additive_atom3_%VBur,additive_atom4_%VBur,additive_atom5_%VBur,additive_c_min_%VBur,additive_c_min+1_%VBur,additive_c_max_%VBur,additive_c_max-1_%VBur
"3,5-dimethylisoxazole",Cc1onc(C)c1,C5H7NO,14,0,1,met,3.0974,97.1164,820.844,777.1413,-0.24867,-0.00097,0.12482,0.12385,0.12385,-324.681898211,0.113899,0.120817,0.121761,0.082954,-324.568,-324.561081,-324.560137,-324.598944,4.1656,735.929,778.7729,192.52,0.1603,0.000,188.12,0.0061,0.000,179.20,0.0302,0.000,154.63,0.0007,0.000,147.73,0.2622,0.000,147.19,0.0013,0.000,146.65,0.0002,0.000,143.58,0.1493,0.000,140.31,0.0008,0.000,139.08,0.0006,0.000,O1,-0.370605,-0.433868,-0.32344,1.99973,6.31160,0.01211,8.32344,-47.5523,249.0291,-0.364887,-0.34279,1.99975,6.32676,0.01629,8.34279,N2,-0.223201,-0.169885,-0.15040,1.99938,5.12455,0.02648,7.15040,-118.8550,236.9590,-0.260196,-0.18016,1.99940,5.15274,0.02801,7.18016,C3,0.326362,0.305009,0.16173,1.99926,3.81581,0.02320,5.83827,37.3080,139.6900,0.282284,0.01859,1.99933,3.95332,0.02876,5.98141,C4,-0.296217,-0.264482,-0.37347,1.99883,4.36439,0.01025,6.37347,92.2219,81.3867,-0.236838,-0.14095,1.99887,4.12911,0.01297,6.14095,C5,0.420068,0.374242,0.34842,1.99901,3.62894,0.02363,5.65158,27.7998,121.7990,0.425774,0.35193,1.99910,3.62119,0.02779,5.64807,8,C,1,0,0,0,-0.527063,0.063480,-0.72496,1.99934,4.71817,0.00744,6.72496,176.8934,22.1377,-0.526209,-0.73227,1.99935,4.72463,0.00829,6.73227,7,C,1,0,0,0,-0.524624,0.069121,-0.70489,1.99935,4.69857,0.00698,6.70489,177.1915,21.6901,-0.513563,-0.69778,1.99937,4.69103,0.00739,6.69778,1,C,1,0.420068,0.374242,0.34842,1.99901,3.62894,0.02363,5.65158,27.7998,121.7990,0.425774,0.35193,1.99910,3.62119,0.02779,5.64807,4,C,1,0,0.326362,0.305009,0.16173,1.99926,3.81581,0.02320,5.83827,37.3080,139.6900,0.282284,0.01859,1.99933,3.95332,0.02876,5.98141,0.4756743810065567,0.465375288165025,0.5854615131283495,0.526121972396036,0.5805215412712194,0.3994790575132481,0.40328133888206935,0.5805215412712194,0.5854615131283495
3-methyl-5-phenylisoxazole,Cc1cc(on1)c2ccccc2,C10H9NO,21,0,1,met,3.0255,159.1872,1506.272,2484.2588,-0.22813,-0.04468,0.136405,0.091725,0.091725,-516.421766495,0.167224,0.177032,0.177976,0.130806,-516.254542,-516.244735,-516.243791,-516.29096,2.7488,1419.705,2485.096,258.67,0.5446,0.000,253.89,0.0031,0.000,214.42,0.0464,0.000,212.94,0.0397,0.000,211.27,0.0024,0.000,202.23,0.0106,0.000,190.02,0.1847,0.000,183.01,0.0221,0.000,178.24,0.0049,0.000,174.42,0.0000,0.000,O1,-0.401450,-0.372134,-0.31845,1.99973,6.30552,0.01320,8.31845,-32.8640,238.2386,-0.407229,-0.34252,1.99973,6.32991,0.01288,8.34252,N2,-0.212416,-0.252164,-0.14032,1.99938,5.11842,0.02252,7.14032,-114.8065,239.6321,-0.191054,-0.10257,1.99938,5.07491,0.02828,7.10257,C3,0.325908,0.345842,0.15990,1.99926,3.81622,0.02462,5.84010,36.1243,137.6295,0.322746,0.14229,1.99928,3.83436,0.02408,5.85771,C4,-0.298712,-0.295844,-0.35191,1.99888,4.34311,0.00992,6.35191,95.5546,89.1602,-0.282004,-0.30867,1.99887,4.29633,0.01348,6.30867,C5,0.378593,0.388208,0.33987,1.99894,3.63678,0.02440,5.66013,26.6239,113.2197,0.378752,0.35799,1.99898,3.61649,0.02655,5.64201,7,C,1,0,0,0,-0.526708,0.074125,-0.70546,1.99935,4.69908,0.00703,6.70546,177.0471,22.1781,-0.527023,-0.70749,1.99935,4.70086,0.00728,6.70749,6,O,0,1,0,0,-0.401450,-0.372134,-0.31845,1.99973,6.30552,0.01320,8.31845,-32.8640,238.2386,-0.407229,-0.34252,1.99973,6.32991,0.01288,8.34252,1,C,1,0.378593,0.388208,0.33987,1.99894,3.63678,0.02440,5.66013,26.6239,113.2197,0.378752,0.35799,1.99898,3.61649,0.02655,5.64201,4,C,1,0,0.325908,0.345842,0.15990,1.99926,3.81622,0.02462,5.84010,36.1243,137.6295,0.322746,0.14229,1.99928,3.83436,0.02408,5.85771,0.5101044878895842,0.46741115535463007,0.5854615131283495,0.5509415885751924,0.6287236909074578,0.4039100625729768,0.5101044878895842,0.6287236909074578,0.5854615131283495
3-methylisoxazole,Cc1ccon1,C4H5NO,11,0,1,met,2.9785,83.0896,718.799,489.5063,-0.26258,-0.00665,0.13461499999999998,0.127965,0.127965,-285.357325405,0.086058,0.091245,0.092189,0.057529,-285.271267,-285.266081,-285.265136,-285.299796,1.8141,849.489,489.4767,187.61,0.0057,0.000,186.72,0.0797,0.000,176.58,0.0363,0.000,148.05,0.0004,0.000,145.88,0.0004,0.000,145.44,0.0015,0.000,144.49,0.1995,0.000,143.55,0.1832,0.000,137.23,0.0000,0.000,136.82,0.0008,0.000,O1,-0.322547,-0.404253,-0.31295,1.99978,6.30061,0.01257,8.31295,-48.1636,274.2348,-0.348658,-0.35385,1.99971,6.33979,0.01435,8.35385,N2,-0.218507,-0.133204,-0.14364,1.99937,5.11750,0.02677,7.14364,-119.2806,255.8878,-0.129412,0.09695,1.99874,4.88426,0.02005,6.90305,C3,0.325124,0.276292,0.15619,1.99926,3.82162,0.02292,5.84381,38.0531,142.6416,0.335808,0.08362,1.99914,3.89511,0.02213,5.91638,C4,-0.258134,-0.204765,-0.37732,1.99897,4.36738,0.01096,6.37732,91.2002,94.3853,-0.238211,-0.36608,1.99892,4.35456,0.01260,6.36608,C5,0.150198,0.238579,0.14309,1.99909,3.83490,0.02292,5.85691,38.9567,120.6826,0.067471,-0.00004,1.99906,3.97098,0.03000,6.00004,8,C,1,0,0,0,-0.522642,0.066387,-0.70583,1.99935,4.69944,0.00704,6.70583,177.3283,21.1604,-0.521582,-0.70037,1.99936,4.69387,0.00714,6.70037,7,O,0,1,0,0,-0.322547,-0.404253,-0.31295,1.99978,6.30061,0.01257,8.31295,-48.1636,274.2348,-0.348658,-0.35385,1.99971,6.33979,0.01435,8.35385,5,C,1,0.325124,0.276292,0.15619,1.99926,3.82162,0.02292,5.84381,38.0531,142.6416,0.335808,0.08362,1.99914,3.89511,0.02213,5.91638,1,C,1,0,0.150198,0.238579,0.14309,1.99909,3.83490,0.02292,5.85691,38.9567,120.6826,0.067471,-0.00004,1.99906,3.97098,0.03000,6.00004,0.42941828088979367,0.46651297865333374,0.5850423640010778,0.49636238435974966,0.451932576868956,0.40328133888206935,0.42941828088979367,0.5850423640010778,0.451932576868956
3-phenylisoxazole,o1ccc(n1)c2ccccc2,C9H7NO,18,0,1,met,2.7531,145.1604,1127.009,1857.3856,-0.2382,-0.0385,0.13835,0.09985,0.09985,-477.095596241,0.139392,0.147491,0.148435,0.103998,-476.956204,-476.948105,-476.947161,-476.991598,3.7664,1207.509,1858.0261,248.12,0.0071,0.000,239.44,0.2939,0.000,219.76,0.0058,0.000,207.79,0.1501,0.000,207.26,0.0042,0.000,200.33,0.0354,0.000,191.63,0.0192,0.000,185.76,0.3287,0.000,180.79,0.1451,0.000,174.47,0.3107,0.000,O1,-0.319239,-0.481223,-0.30369,1.99977,6.28980,0.01412,8.30369,-44.4566,280.7062,-0.328337,-0.31236,1.99977,6.29814,0.01444,8.31236,N2,-0.244153,-0.094533,-0.13536,1.99938,5.11384,0.02214,7.13536,-117.8363,268.6030,-0.276567,-0.17443,1.99937,5.15167,0.02339,7.17443,C3,0.264841,0.361726,0.14458,1.99920,3.83117,0.02505,5.85542,35.2772,131.6615,0.248736,0.08629,1.99921,3.88825,0.02624,5.91371,C4,-0.262160,-0.236558,-0.36322,1.99900,4.35355,0.01067,6.36322,93.8314,99.0574,-0.264921,-0.35953,1.99900,4.34947,0.01106,6.35953,C5,0.151631,0.246432,0.14380,1.99908,3.83433,0.02279,5.85620,38.6644,118.2471,0.138214,0.12069,1.99909,3.85655,0.02367,5.87931,7,O,0,1,0,0,-0.319239,-0.481223,-0.30369,1.99977,6.28980,0.01412,8.30369,-44.4566,280.7062,-0.328337,-0.31236,1.99977,6.29814,0.01444,8.31236,3,C,1,0,0,0,-0.262160,-0.236558,-0.36322,1.99900,4.35355,0.01067,6.36322,93.8314,99.0574,-0.264921,-0.35953,1.99900,4.34947,0.01106,6.35953,5,C,1,0.264841,0.361726,0.14458,1.99920,3.83117,0.02505,5.85542,35.2772,131.6615,0.248736,0.08629,1.99921,3.88825,0.02624,5.91371,1,C,1,0,0.151631,0.246432,0.14380,1.99908,3.83433,0.02279,5.85620,38.6644,118.2471,0.138214,0.12069,1.99909,3.85655,0.02367,5.87931,0.43001706535732465,0.4984281907727313,0.6327954252866681,0.5237867129726654,0.4518726984222029,0.43001706535732465,0.5237867129726654,0.6327954252866681,0.4518726984222029
4-phenylisoxazole,o1cc(cn1)c2ccccc2,C9H7NO,18,0,1,met,3.2708,145.1604,1244.336,1890.196,-0.23324,-0.03219,0.132715,0.100525,0.100525,-477.093068614,0.139442,0.147492,0.148436,0.105479,-476.953627,-476.945577,-476.944633,-476.987589,2.8598,1194.562,1891.1128,246.07,0.0151,0.000,237.59,0.2434,0.000,223.67,0.0913,0.000,209.64,0.0703,0.000,197.36,0.0141,0.000,193.39,0.0229,0.000,192.44,0.0419,0.000,183.45,0.2732,0.000,178.60,0.3556,0.000,177.24,0.0310,0.000,O1,-0.323571,-0.470188,-0.30619,1.99977,6.29206,0.01436,8.30619,-55.6974,292.4140,-0.320638,-0.30636,1.99977,6.29170,0.01489,8.30636,N2,-0.160127,-0.168119,-0.12490,1.99946,5.10159,0.02385,7.12490,-129.7501,283.9628,-0.158919,-0.12296,1.99947,5.09921,0.02428,7.12296,C3,0.026542,0.175216,-0.02776,1.99926,4.00595,0.02255,6.02776,48.9079,126.9531,0.028579,-0.03251,1.99926,4.00968,0.02357,6.03251,C4,-0.042201,-0.063312,-0.18959,1.99902,4.17551,0.01505,6.18959,72.1015,96.5553,-0.034999,-0.16255,1.99903,4.14747,0.01605,6.16255,C5,0.102202,0.272309,0.15937,1.99900,3.81945,0.02218,5.84063,43.0125,116.7329,0.103434,0.15545,1.99900,3.82032,0.02523,5.84455,7,O,0,1,0,0,-0.323571,-0.470188,-0.30619,1.99977,6.29206,0.01436,8.30619,-55.6974,292.4140,-0.320638,-0.30636,1.99977,6.29170,0.01489,8.30636,9,C,1,0,0,0,-0.177511,-0.079478,-0.21434,1.99906,4.20308,0.01220,6.21434,69.4546,150.9313,-0.196152,-0.26216,1.99909,4.24544,0.01763,6.26216,1,C,1,0.102202,0.272309,0.15937,1.99900,3.81945,0.02218,5.84063,43.0125,116.7329,0.103434,0.15545,1.99900,3.82032,0.02523,5.84455,2,H,0,1,0.179294,0.089667,0.23441,0.00000,0.76506,0.00053,0.76559,23.8705,5.1152,0.185064,0.23629,0.00000,0.76299,0.00072,0.76371,0.42923864554953445,0.42166402203526837,0.5113918744947756,0.6428849435645638,0.5072303224454358,0.42923864554953445,0.5537858147959642,0.5072303224454358,0.3651387683003503
"5-(2,6-difluorophenyl)isoxazole",Fc1cccc(F)c1c2oncc2,C9H5F2NO,18,0,1,met,3.9406,181.1414,1386.996,2218.3043,-0.23888,-0.05693,0.147905,0.090975,0.090975,-675.559531665,0.122894,0.132633,0.133577,0.085825,-675.436638,-675.426899,-675.425954,-675.473706,4.0164,1403.707,2219.0534,261.01,0.1812,0.000,258.73,0.3333,0.000,215.05,0.0076,0.000,214.54,0.0803,0.000,208.69,0.0044,0.000,201.81,0.0147,0.000,191.47,0.2217,0.000,182.26,0.0058,0.000,174.13,0.0244,0.000,172.55,0.2067,0.000,O1,-0.384683,-0.271187,-0.30069,1.99973,6.28712,0.01383,8.30069,-50.9819,276.5694,-0.403390,-0.32783,1.99973,6.31389,0.01421,8.32783,N2,-0.146878,-0.239306,-0.12409,1.99947,5.10065,0.02397,7.12409,-124.9832,288.9585,-0.149349,-0.12016,1.99947,5.09596,0.02473,7.12016,C3,0.046255,0.217429,-0.04618,1.99931,4.02383,0.02304,6.04618,47.0806,132.2412,0.043138,-0.06051,1.99933,4.03741,0.02377,6.06051,C4,-0.263050,-0.215847,-0.34710,1.99898,4.33640,0.01172,6.34710,89.6698,96.1070,-0.260168,-0.33022,1.99898,4.31765,0.01359,6.33022,C5,0.397214,0.340480,0.31574,1.99897,3.65859,0.02670,5.68426,33.7314,118.4790,0.389093,0.30116,1.99899,3.67168,0.02817,5.69884,14,F,0,0,1,0,-0.286254,-0.442561,-0.32963,1.99994,7.32413,0.00556,9.32963,294.3993,127.0142,-0.284946,-0.32688,1.99994,7.32122,0.00572,9.32688,15,F,0,0,1,0,-0.266155,-0.441656,-0.31217,1.99994,7.30631,0.00592,9.31217,287.1267,150.1388,-0.229106,-0.27107,1.99994,7.26492,0.00621,9.27107,9,C,1,0.343658,0.541855,0.46500,1.99847,3.50916,0.02737,5.53500,34.3069,92.5558,0.355892,0.52283,1.99848,3.45081,0.02789,5.47717,13,C,1,0,0.331737,0.510893,0.45945,1.99846,3.51638,0.02572,5.54055,35.1098,88.4295,0.296692,0.38311,1.99848,3.59112,0.02729,5.61689,0.526121972396036,0.4253465465105835,0.45753121164037003,0.5376785126193826,0.6454297775515703,0.4346576449806892,0.41666417173138526,0.5978264123828627,0.6019280859854494
5-methyl-3-(1H-pyrrol-1-yl)isoxazole,Cc1onc(c1)n2cccc2,C8H8N2O,19,0,1,met,3.3878,148.164,1368.552,1995.2912,-0.21467,-0.01909,0.11688,0.09779,0.09779,-494.330522146,0.148883,0.158145,0.159089,0.113016,-494.181639,-494.172378,-494.171433,-494.217506,9.5699,1038.78,1992.3997,264.60,0.0058,0.000,233.06,0.2042,0.000,206.99,0.0356,0.000,204.85,0.0808,0.000,197.87,0.2670,0.000,189.22,0.0057,0.000,173.17,0.0482,0.000,171.58,0.0000,0.000,167.46,0.0001,0.000,167.33,0.2859,0.000,O1,-0.368909,-0.478046,-0.31376,1.99973,6.30031,0.01372,8.31376,-18.3726,231.0385,-0.415058,-0.35813,1.99974,6.34355,0.01484,8.35813,N2,-0.250444,-0.212157,-0.17622,1.99936,5.15515,0.02171,7.17622,-89.0966,217.9583,-0.367870,-0.32029,1.99933,5.29682,0.02414,7.32029,C3,0.551496,0.811175,0.35133,1.99921,3.62109,0.02838,5.64867,37.7688,105.6614,0.449485,0.18493,1.99918,3.78380,0.03208,5.81507,C4,-0.298537,-0.334474,-0.38439,1.99884,4.37589,0.00965,6.38439,100.5400,75.9443,-0.322347,-0.41761,1.99888,4.40890,0.00982,6.41761,C5,0.435855,0.429453,0.36038,1.99903,3.61711,0.02349,5.63962,26.5476,119.3417,0.370529,0.22143,1.99903,3.75357,0.02596,5.77857,7,N,0,0,0,1,-0.523391,-0.596421,-0.38419,1.99928,5.37445,0.01047,7.38419,94.0452,129.2854,-0.519211,-0.38289,1.99931,5.37317,0.01041,7.38289,12,C,1,0,0,0,-0.530096,0.055681,-0.72684,1.99934,4.71996,0.00754,6.72684,176.6595,23.3901,-0.515759,-0.70445,1.99937,4.69804,0.00704,6.70445,4,C,1,0.551496,0.811175,0.35133,1.99921,3.62109,0.02838,5.64867,37.7688,105.6614,0.449485,0.18493,1.99918,3.78380,0.03208,5.81507,1,C,1,0,0.435855,0.429453,0.36038,1.99903,3.61711,0.02349,5.63962,26.5476,119.3417,0.370529,0.22143,1.99903,3.75357,0.02596,5.77857,0.4763330439208407,0.49193137930002095,0.6250411664321427,0.5489955390557169,0.5806712373881021,0.6422562198736564,0.40049699110805065,0.6250411664321427,0.5806712373881021
5-methylisoxazole,Cc1oncc1,C4H5NO,11,0,1,met,3.2041,83.0896,674.794,486.1479,-0.25381,-0.00877,0.13129,0.12251999999999999,0.12251999999999999,-285.35930897,0.086038,0.091283,0.092227,0.057331,-285.273271,-285.268026,-285.267082,-285.301977,4.2646,865.774,487.3895,194.28,0.1573,0.000,189.29,0.0078,0.000,173.18,0.0279,0.000,154.37,0.0001,0.000,145.86,0.0002,0.000,144.18,0.0025,0.000,143.47,0.2071,0.000,138.15,0.0063,0.000,135.77,0.0004,0.000,134.86,0.0964,0.000,O1,-0.363114,-0.384765,-0.32049,1.99973,6.30712,0.01363,8.32049,-56.6275,277.6482,-0.362246,-0.34781,1.99974,6.33158,0.01649,8.34781,N2,-0.163718,-0.161708,-0.13936,1.99947,5.11623,0.02366,7.13936,-127.5798,272.4176,-0.199545,-0.16066,1.99948,5.13149,0.02968,7.16066,C3,0.054089,0.208865,-0.04204,1.99933,4.01946,0.02325,6.04204,47.3865,132.4940,0.004681,-0.19522,1.99941,4.16486,0.03096,6.19522,C4,-0.269237,-0.232126,-0.38086,1.99892,4.37118,0.01076,6.38086,93.2794,87.3239,-0.208982,-0.15868,1.99894,4.14611,0.01363,6.15868,C5,0.413664,0.364355,0.34426,1.99902,3.63338,0.02334,5.65574,28.5458,129.0227,0.415317,0.34547,1.99910,3.62748,0.02796,5.65453,8,C,1,0,0,0,-0.524143,0.063352,-0.72568,1.99934,4.71882,0.00752,6.72568,177.0293,21.4871,-0.523022,-0.73120,1.99935,4.72356,0.00829,6.73120,7,O,0,1,0,0,-0.363114,-0.384765,-0.32049,1.99973,6.30712,0.01363,8.32049,-56.6275,277.6482,-0.362246,-0.34781,1.99974,6.33158,0.01649,8.34781,1,C,1,0.413664,0.364355,0.34426,1.99902,3.63338,0.02334,5.65574,28.5458,129.0227,0.415317,0.34547,1.99910,3.62748,0.02796,5.65453,3,H,0,1,0.147046,0.079495,0.25249,0.00000,0.74710,0.00041,0.74751,26.6255,3.5410,0.176743,0.24477,0.00000,0.75468,0.00055,0.75523,0.4758240771234394,0.42196341426903383,0.4579204215442651,0.4951049369779348,0.5791143977725217,0.3995389359600012,0.4758240771234394,0.5791143977725217,0.339989820664052
5-phenylisoxazole,o1nccc1c2ccccc2,C9H7NO,18,0,1,met,3.2104,145.1604,1341.57,1840.7424,-0.23167,-0.04874,0.140205,0.09146499999999999,0.09146499999999999,-477.099080874,0.139421,0.147492,0.148436,0.105197,-476.95966,-476.951589,-476.950645,-476.993884,3.0372,1099.118,1841.2614,258.70,0.5107,0.000,254.50,0.0022,0.000,214.35,0.0750,0.000,210.01,0.0032,0.000,204.60,0.0017,0.000,202.79,0.0147,0.000,189.05,0.1923,0.000,180.92,0.0110,0.000,174.84,0.0001,0.000,172.25,0.1169,0.000,O1,-0.394671,-0.318070,-0.31588,1.99973,6.30280,0.01335,8.31588,-41.5057,264.5703,-0.403293,-0.34168,1.99973,6.32754,0.01441,8.34168,N2,-0.153353,-0.241822,-0.13149,1.99947,5.10825,0.02376,7.13149,-122.8118,273.2631,-0.142905,-0.10582,1.99947,5.08080,0.02555,7.10582,C3,0.051048,0.237535,-0.04209,1.99932,4.01956,0.02321,6.04209,46.5041,130.5061,0.047208,-0.07013,1.99935,4.04623,0.02455,6.07013,C4,-0.271152,-0.262018,-0.35999,1.99896,4.35065,0.01038,6.35999,96.5581,95.0440,-0.251770,-0.30680,1.99896,4.29391,0.01393,6.30680,C5,0.374230,0.388986,0.33625,1.99895,3.64050,0.02431,5.66375,27.2599,119.8825,0.368478,0.33690,1.99898,3.63787,0.02625,5.66310,7,O,0,1,0,0,-0.394671,-0.318070,-0.31588,1.99973,6.30280,0.01335,8.31588,-41.5057,264.5703,-0.403293,-0.34168,1.99973,6.32754,0.01441,8.34168,2,C,1,0,0,0,-0.271152,-0.262018,-0.35999,1.99896,4.35065,0.01038,6.35999,96.5581,95.0440,-0.251770,-0.30680,1.99896,4.29391,0.01393,6.30680,1,C,1,0.374230,0.388986,0.33625,1.99895,3.64050,0.02431,5.66375,27.2599,119.8825,0.368478,0.33690,1.99898,3.63787,0.02625,5.66310,3,H,0,1,0.152439,0.088163,0.25187,0.00000,0.74771,0.00042,0.74813,26.0914,4.4621,0.161986,0.25163,0.00000,0.74743,0.00094,0.74837,0.5101943055597138,0.42361007155474384,0.45744139397024036,0.5198946139337145,0.6280949672165503,0.5101943055597138,0.5198946139337145,0.6280949672165503,0.37858147959641925
benzo[c]isoxazole,o1cc2ccccc2n1,C7H5NO,14,0,1,met,3.1967,119.1226,1000.787,968.0253,-0.22333,-0.06275,0.14304,0.08029,0.08029,-399.665302545,0.105275,0.111161,0.112105,0.075144,-399.560028,-399.554142,-399.553198,-399.590158,3.2089,1057.975,968.5656,302.45,0.0911,0.000,242.86,0.0376,0.000,231.99,0.0022,0.000,216.25,0.0050,0.000,186.26,0.0627,0.000,181.08,0.7361,0.000,179.25,0.0028,0.000,168.36,0.0261,0.000,167.39,0.0002,0.000,166.01,0.0000,0.000,O1,-0.305462,-0.293912,-0.28559,1.99977,6.27153,0.01429,8.28559,-72.9996,335.6088,-0.323768,-0.32593,1.99977,6.31098,0.01518,8.32593,N2,-0.278618,-0.177888,-0.13160,1.99941,5.10930,0.02289,7.13160,-120.1652,263.8835,-0.254648,-0.08432,1.99942,5.06078,0.02412,7.08432,C3,0.286140,0.134213,0.12344,1.99913,3.85412,0.02330,5.87656,40.7247,157.6973,0.285455,0.10977,1.99914,3.86656,0.02453,5.89023,C4,0.046566,-0.154512,-0.18722,1.99901,4.17445,0.01376,6.18722,76.3854,131.0586,0.058359,-0.17801,1.99902,4.16391,0.01509,6.17801,C5,0.084092,0.244153,0.16751,1.99902,3.81085,0.02261,5.83249,41.9224,117.8193,0.080527,0.16753,1.99903,3.80675,0.02670,5.83247,6,O,0,1,0,0,-0.305462,-0.293912,-0.28559,1.99977,6.27153,0.01429,8.28559,-72.9996,335.6088,-0.323768,-0.32593,1.99977,6.31098,0.01518,8.32593,5,N,0,0,0,1,-0.278618,-0.177888,-0.13160,1.99941,5.10930,0.02289,7.13160,-120.1652,263.8835,-0.254648,-0.08432,1.99942,5.06078,0.02412,7.08432,4,C,1,0.286140,0.134213,0.12344,1.99913,3.85412,0.02330,5.87656,40.7247,157.6973,0.285455,0.10977,1.99914,3.86656,0.02453,5.89023,2,H,0,1,0.180536,0.090384,0.23446,0.00000,0.76500,0.00054,0.76554,23.4056,4.4209,0.182582,0.23496,0.00000,0.76432,0.00072,0.76504,0.4321128109936828,0.4516930630819436,0.6178557528217717,0.626867459058112,0.47274033711565516,0.4321128109936828,0.4516930630819436,0.6178557528217717,0.31990060177838986
benzo[d]isoxazole,o1ncc2ccccc12,C7H5NO,14,0,1,met,3.1821,119.1226,988.047,965.4555,-0.24848,-0.04577,0.147125,0.101355,0.101355,-399.683040352,0.10547,0.111324,0.112268,0.075362,-399.57757,-399.571717,-399.570772,-399.607679,4.1877,973.516,966.578,252.71,0.0477,0.000,229.86,0.1103,0.000,205.53,0.0045,0.000,191.92,0.1825,0.000,186.29,0.0846,0.000,179.04,0.4098,0.000,171.48,0.0014,0.000,168.94,0.0869,0.000,166.23,0.0007,0.000,163.64,0.1006,0.000,O1,-0.418746,-0.434221,-0.31983,1.99973,6.30650,0.01360,8.31983,-13.3068,207.2335,-0.397428,-0.29357,1.99974,6.27924,0.01459,8.29357,N2,-0.146043,-0.089813,-0.10847,1.99945,5.08587,0.02315,7.10847,-130.7942,271.2903,-0.192889,-0.17088,1.99946,5.14685,0.02457,7.17088,C3,0.016635,0.222574,-0.01901,1.99925,3.99719,0.02257,6.01901,50.6265,123.6556,-0.002102,-0.06876,1.99927,4.04379,0.02570,6.06876,C4,0.053622,-0.126423,-0.17260,1.99896,4.15970,0.01394,6.17260,73.0728,131.9082,0.069233,-0.15315,1.99899,4.13824,0.01592,6.15315,C5,0.367913,0.241682,0.32410,1.99879,3.65432,0.02278,5.67590,34.6677,141.5339,0.366215,0.35166,1.99881,3.62523,0.02430,5.64834,6,O,0,1,0,0,-0.418746,-0.434221,-0.31983,1.99973,6.30650,0.01360,8.31983,-13.3068,207.2335,-0.397428,-0.29357,1.99974,6.27924,0.01459,8.29357,8,C,1,0,0,0,-0.137941,-0.099681,-0.25099,1.99912,4.23822,0.01364,6.25099,72.7812,160.5749,-0.110587,-0.13100,1.99914,4.11664,0.01522,6.13100,1,C,1,0.367913,0.241682,0.32410,1.99879,3.65432,0.02278,5.67590,34.6677,141.5339,0.366215,0.35166,1.99881,3.62523,0.02430,5.64834,4,H,0,1,0.171962,0.063451,0.24759,0.00000,0.75188,0.00053,0.75241,24.0399,4.0912,0.161719,0.24414,0.00000,0.75533,0.00053,0.75586,0.4585491452351726,0.4241190383521451,0.47639292236759373,0.6283943594503159,0.6162390347594383,0.4585491452351726,0.5034280410766144,0.6162390347594383,0.326547109367983
ethyl-3-methoxyisoxazole-5-carboxylate,CCOC(=O)c1onc(OC)c1,C7H9NO4,21,0,1,met,2.7814,171.1524,1431.976,2856.8183,-0.25657,-0.06149,0.15903,0.09754000000000002,0.09754000000000002,-627.749220501,0.162755,0.174614,0.175559,0.123444,-627.586466,-627.574606,-627.573662,-627.625776,5.3321,1199.764,2854.0992,261.30,0.0002,0.000,253.90,0.0634,0.000,219.64,0.3036,0.000,216.33,0.0039,0.000,198.28,0.0560,0.000,180.64,0.0001,0.000,169.52,0.0018,0.000,166.89,0.1148,0.000,164.18,0.0001,0.000,160.73,0.0001,0.000,O1,-0.373711,-0.308209,-0.28625,1.99973,6.27200,0.01452,8.28625,-14.9149,272.5554,-0.411522,-0.32368,1.99972,6.30914,0.01482,8.32368,N2,-0.209751,-0.266299,-0.15358,1.99939,5.13040,0.02379,7.15358,-99.9125,239.4240,-0.227523,-0.16486,1.99932,5.14183,0.02370,7.16486,C3,0.535036,0.774704,0.46767,1.99906,3.50234,0.03092,5.53233,23.9840,94.5989,0.533320,0.46845,1.99905,3.50103,0.03146,5.53155,C4,-0.273347,-0.195628,-0.37339,1.99887,4.36364,0.01087,6.37339,95.9152,106.5239,-0.325187,-0.45542,1.99885,4.44433,0.01224,6.45542,C5,0.367739,0.053309,0.23342,1.99886,3.74239,0.02533,5.76658,32.9733,103.0236,0.343822,0.16536,1.99882,3.80981,0.02601,5.83464,11,O,0,1,0,0,-0.455457,-0.938201,-0.53098,1.99975,6.51953,0.01170,8.53098,134.0549,160.7999,-0.425805,-0.47799,1.99976,6.46652,0.01171,8.47799,7,O,0,1,0,0,-0.479929,-0.839720,-0.50858,1.99972,6.49611,0.01275,8.50858,252.5216,85.7082,-0.486716,-0.51392,1.99972,6.50172,0.01248,8.51392,9,C,1,0.593475,1.338587,0.77418,1.99932,3.18416,0.04234,5.22582,41.3067,69.1304,0.566929,0.63489,1.99932,3.32816,0.03762,5.36511,4,C,1,0,0.535036,0.774704,0.46767,1.99906,3.50234,0.03092,5.53233,23.9840,94.5989,0.533320,0.46845,1.99905,3.50103,0.03146,5.53155,0.4884284901649651,0.446663273554684,0.5840244304062753,0.571719409598515,0.603215472590641,0.5695637855154037,0.4910930810454776,0.5797431214634292,0.5840244304062753
ethyl-3-methylisoxazole-5-carboxylate,CCOC(=O)c1onc(C)c1,C7H9NO3,20,0,1,met,1.1907,155.153,1102.104,2310.0541,-0.27219,-0.05864,0.16541499999999998,0.106775,0.106775,-552.551738218,0.157808,0.168703,0.169647,0.120146,-552.393931,-552.383035,-552.382091,-552.431592,4.157,1487.84,2308.7651,260.52,0.0001,0.000,221.52,0.3526,0.000,213.85,0.0064,0.000,213.47,0.0125,0.000,197.12,0.0519,0.000,179.61,0.0001,0.000,166.37,0.0014,0.000,162.67,0.0445,0.000,162.18,0.0035,0.000,160.24,0.0020,0.000,O1,-0.374923,-0.342899,-0.28990,1.99974,6.27742,0.01274,8.28990,-47.0757,279.5333,-0.412658,-0.32750,1.99973,6.31323,0.01454,8.32750,N2,-0.195446,-0.177015,-0.12061,1.99938,5.09412,0.02711,7.12061,-129.1043,258.8774,-0.216766,-0.13441,1.99932,5.11216,0.02293,7.13441,C3,0.313888,0.270721,0.15340,1.99926,3.82466,0.02268,5.84660,35.7264,141.2220,0.319086,0.14867,1.99925,3.82741,0.02468,5.85133,C4,-0.254046,-0.135153,-0.30269,1.99889,4.29247,0.01133,6.30269,83.0694,108.5215,-0.303233,-0.38096,1.99887,4.36948,0.01261,6.38096,C5,0.359270,0.021321,0.22054,1.99884,3.75499,0.02564,5.77946,33.3027,103.9162,0.335485,0.15527,1.99880,3.81996,0.02597,5.84473,10,O,0,1,0,0,-0.456729,-0.934932,-0.53233,1.99975,6.52091,0.01167,8.53233,133.1527,157.0284,-0.426316,-0.47842,1.99976,6.46696,0.01170,8.47842,9,O,0,1,0,0,-0.487768,-0.739302,-0.58888,1.99980,6.57000,0.01908,8.58888,-43.5850,545.1909,-0.313079,-0.27341,1.99981,6.25469,0.01891,8.27341,8,C,1,0.592091,1.337739,0.77505,1.99932,3.18345,0.04218,5.22495,40.9244,69.2915,0.563810,0.63429,1.99932,3.32888,0.03752,5.36571,4,C,1,0,0.313888,0.270721,0.15340,1.99926,3.82466,0.02268,5.84660,35.7264,141.2220,0.319086,0.14867,1.99925,3.82741,0.02468,5.85133,0.48800934103769344,0.4661237687494386,0.584234004969911,0.5371096673752283,0.6024969312296039,0.5698332385257926,0.4500164665728571,0.5799227568036885,0.584234004969911
ethyl-5-methylisoxazole-3-carboxylate,CCOC(=O)c1cc(C)on1,C7H9NO3,20,0,1,met,1.4543,155.153,1360.55,2329.1422,-0.26322,-0.04756,0.15539,0.10783000000000001,0.10783000000000001,-552.552370838,0.157766,0.168713,0.169658,0.119884,-552.394605,-552.383657,-552.382713,-552.432487,3.897,1268.621,2328.1149,251.06,0.0002,0.000,231.49,0.0461,0.000,212.99,0.0057,0.000,195.81,0.0906,0.000,188.11,0.1096,0.000,178.44,0.0017,0.000,176.24,0.0044,0.000,173.78,0.4586,0.000,163.54,0.0004,0.000,160.11,0.0139,0.000,O1,-0.356853,-0.451302,-0.30680,1.99973,6.29325,0.01381,8.30680,-62.2509,270.0683,-0.375303,-0.32238,1.99974,6.30851,0.01413,8.32238,N2,-0.210858,-0.066003,-0.08939,1.99940,5.06695,0.02303,7.08939,-140.1646,310.1197,-0.294071,-0.18979,1.99938,5.16561,0.02480,7.18979,C3,0.246861,0.079753,0.03920,1.99910,3.93569,0.02601,5.96080,38.6484,114.0087,0.229497,-0.02500,1.99908,3.99890,0.02703,6.02500,C4,-0.275979,-0.230867,-0.33745,1.99886,4.32688,0.01171,6.33745,89.1579,94.0671,-0.297693,-0.35737,1.99886,4.34827,0.01025,6.35737,C5,0.417921,0.365423,0.34273,1.99901,3.63521,0.02305,5.65727,26.2240,121.7736,0.410736,0.31953,1.99902,3.65791,0.02354,5.68047,9,O,0,1,0,0,-0.454617,-0.915877,-0.53015,1.99974,6.51890,0.01150,8.53015,134.9843,150.5651,-0.417633,-0.46670,1.99976,6.45523,0.01171,8.46670,8,O,0,1,0,0,-0.489874,-0.717725,-0.59450,1.99979,6.57571,0.01900,8.59450,-56.6342,565.0700,-0.296924,-0.24716,1.99982,6.22874,0.01860,8.24716,7,C,1,0.617186,1.254620,0.80033,1.99933,3.15730,0.04304,5.19967,36.9359,74.3905,0.583115,0.64571,1.99933,3.31712,0.03784,5.35429,1,C,1,0,0.417921,0.365423,0.34273,1.99901,3.63521,0.02305,5.65727,26.2240,121.7736,0.410736,0.31953,1.99902,3.65791,0.02354,5.68047,0.4757043202299332,0.47780006586629137,0.6081255052243945,0.5376785126193826,0.5790245801023921,0.5692943325050148,0.4561240681416724,0.5843238226400407,0.5790245801023921
ethyl-5-methylisoxazole-4-carboxylate,CCOC(=O)c1cnoc1C,C7H9NO3,20,0,1,met,2.3358,155.153,1174.194,2051.2955,-0.26616,-0.03841,0.152285,0.113875,0.113875,-552.559593695,0.158039,0.168899,0.169843,0.120441,-552.401555,-552.390694,-552.38975,-552.439153,5.47,1117.378,2051.6482,239.36,0.0003,0.000,212.93,0.2057,0.000,197.25,0.0258,0.000,196.79,0.0032,0.000,189.05,0.0033,0.000,185.90,0.1049,0.000,178.54,0.2602,0.000,173.21,0.0080,0.000,166.89,0.0002,0.000,165.75,0.0377,0.000,O1,-0.365234,-0.453447,-0.31360,1.99972,6.30016,0.01372,8.31360,-64.1353,269.2513,-0.387106,-0.33087,1.99973,6.31679,0.01435,8.33087,N2,-0.163112,-0.195466,-0.13153,1.99946,5.10889,0.02317,7.13153,-124.2818,259.3704,-0.162601,-0.12449,1.99944,5.10205,0.02300,7.12449,C3,0.043165,0.238862,-0.00285,1.99927,3.98028,0.02331,6.00285,46.4257,130.8034,0.036253,-0.00735,1.99924,3.98504,0.02307,6.00735,C4,-0.077085,-0.437691,-0.30195,1.99876,4.28826,0.01493,6.30195,82.9610,76.0966,-0.063729,-0.30950,1.99875,4.29481,0.01594,6.30950,C5,0.407822,0.516026,0.42478,1.99899,3.55224,0.02399,5.57522,19.7757,141.5702,0.330030,0.28819,1.99897,3.68799,0.02485,5.71181,9,O,0,1,0,0,-0.476148,-0.932590,-0.55408,1.99975,6.54337,0.01095,8.55408,134.1186,132.2645,-0.448338,-0.49922,1.99977,6.48853,0.01092,8.49922,8,O,0,1,0,0,-0.504356,-0.736216,-0.61229,1.99978,6.59388,0.01862,8.61229,-28.6237,546.0617,-0.319613,-0.26853,1.99981,6.25015,0.01857,8.26853,7,C,1,0.587960,1.324562,0.81327,1.99931,3.14468,0.04274,5.18673,36.1794,76.4204,0.537120,0.62591,1.99929,3.33773,0.03706,5.37409,1,C,1,0,0.407822,0.516026,0.42478,1.99899,3.55224,0.02399,5.57522,19.7757,141.5702,0.330030,0.28819,1.99897,3.68799,0.02485,5.71181,0.4758240771234394,0.42118499446124363,0.5024999251519415,0.6447711146372863,0.6181252058321607,0.5813299003023862,0.48639262297536,0.6048920690997275,0.6181252058321607
ethyl-isoxazole-3-carboxylate,CCOC(=O)c1ccon1,C6H7NO3,17,0,1,met,1.044,141.1262,961.379,1711.5025,-0.27803,-0.05268,0.165355,0.112675,0.112675,-513.227314093,0.129968,0.13913,0.140074,0.094447,-513.097346,-513.088184,-513.08724,-513.132867,4.4078,1081.551,1711.8608,251.84,0.0002,0.000,221.89,0.0345,0.000,210.95,0.0057,0.000,196.74,0.0722,0.000,186.15,0.1527,0.000,180.58,0.0005,0.000,177.07,0.0007,0.000,167.84,0.2990,0.000,163.42,0.0002,0.000,160.20,0.0039,0.000,O1,-0.308679,-0.417099,-0.29681,1.99977,6.28270,0.01433,8.29681,-61.7468,294.1959,-0.328836,-0.31346,1.99978,6.29904,0.01464,8.31346,N2,-0.207351,-0.030020,-0.08291,1.99940,5.06026,0.02325,7.08291,-140.6969,326.9241,-0.293975,-0.18766,1.99937,5.16319,0.02510,7.18766,C3,0.249545,0.062102,0.03442,1.99910,3.94067,0.02581,5.96558,39.3591,116.5730,0.231521,-0.03329,1.99908,4.00740,0.02682,6.03329,C4,-0.236081,-0.166756,-0.34047,1.99901,4.32913,0.01233,6.34047,87.6516,106.7791,-0.257795,-0.36146,1.99899,4.35154,0.01093,6.36146,C5,0.145802,0.212876,0.13668,1.99909,3.84192,0.02231,5.86332,38.0549,120.9567,0.132045,0.11147,1.99910,3.86636,0.02308,5.88853,10,O,0,1,0,0,-0.453562,-0.898127,-0.52924,1.99974,6.51798,0.01152,8.52924,133.9896,151.0376,-0.415866,-0.46531,1.99976,6.45383,0.01172,8.46531,9,O,0,1,0,0,-0.488168,-0.705346,-0.59243,1.99979,6.57358,0.01905,8.59243,-57.7277,565.9356,-0.294345,-0.24454,1.99982,6.22608,0.01864,8.24454,8,C,1,0.619959,1.228047,0.79988,1.99933,3.15768,0.04310,5.20012,37.1124,73.8185,0.587967,0.65016,1.99933,3.31264,0.03787,5.34984,4,H,0,1,0.177909,0.113868,0.27150,0.00000,0.72780,0.00070,0.72850,25.6519,3.6527,0.145948,0.24964,0.00000,0.75008,0.00028,0.75036,0.4296877339001826,0.47833897188706925,0.6084847759049129,0.5085476482740038,0.45115415706116585,0.5689051226011197,0.45570491901440074,0.5839346127361456,0.36325259722762787
ethyl-isoxazole-4-carboxylate,CCOC(=O)c1conc1,C6H7NO3,17,0,1,met,3.4406,141.1262,1164.761,1735.6109,-0.28064,-0.04589,0.163265,0.11737500000000001,0.11737500000000001,-513.232447804,0.130136,0.139292,0.140236,0.094722,-513.102312,-513.093156,-513.092211,-513.137725,6.2343,1251.683,1735.5772,241.84,0.0003,0.000,205.14,0.1320,0.000,196.61,0.0026,0.000,193.91,0.0250,0.000,191.85,0.0024,0.000,188.15,0.0488,0.000,176.20,0.3259,0.000,174.63,0.0065,0.000,169.18,0.0012,0.000,166.15,0.0537,0.000,O1,-0.317438,-0.439688,-0.30418,1.99977,6.29009,0.01432,8.30418,-61.4439,291.1225,-0.335114,-0.31481,1.99977,6.30040,0.01465,8.31481,N2,-0.156257,-0.151494,-0.12409,1.99947,5.10131,0.02331,7.12409,-132.8328,266.8401,-0.169826,-0.13636,1.99946,5.11338,0.02353,7.13636,C3,0.051811,0.220005,-0.00290,1.99927,3.98004,0.02360,6.00290,45.8441,137.3350,0.026392,-0.02137,1.99925,3.99963,0.02249,6.02137,C4,-0.039203,-0.338609,-0.30064,1.99889,4.28617,0.01558,6.30064,78.7726,75.6410,-0.031913,-0.32382,1.99885,4.30899,0.01598,6.32382,C5,0.135214,0.339077,0.20634,1.99903,3.77175,0.02287,5.79366,35.7637,133.0098,0.049769,0.06630,1.99901,3.90747,0.02722,5.93370,10,O,0,1,0,0,-0.480759,-0.913095,-0.55611,1.99975,6.54544,0.01092,8.55611,137.5657,130.7552,-0.442975,-0.49073,1.99977,6.47994,0.01102,8.49073,9,O,0,1,0,0,-0.490331,-0.720178,-0.59455,1.99979,6.57585,0.01891,8.59455,-48.5527,558.4866,-0.300235,-0.24889,1.99982,6.23039,0.01868,8.24889,8,C,1,0.587740,1.294993,0.80912,1.99931,3.14849,0.04308,5.19088,37.9003,74.5079,0.547451,0.63420,1.99930,3.32920,0.03730,5.36580,1,C,1,0,0.135214,0.339077,0.20634,1.99903,3.77175,0.02287,5.79366,35.7637,133.0098,0.049769,0.06630,1.99901,3.90747,0.02722,5.93370,0.4292985239962875,0.4221430496092931,0.4960629921259842,0.6184844765126792,0.49872758300649683,0.5768988952426574,0.4515433669650609,0.5847130325439358,0.49872758300649683
methyl-5-(furan-2-yl)isoxazole-3-carboxylate,COC(=O)c1cc(on1)c2occc2,C9H7NO4,21,0,1,met,1.9636,193.1586,1551.408,3830.3186,-0.22576,-0.05904,0.1424,0.08335999999999999,0.08335999999999999,-702.747519376,0.151838,0.163752,0.164696,0.11198,-702.595682,-702.583767,-702.582823,-702.63554,11.3715,1298.853,3825.5077,293.14,0.2178,0.000,252.70,0.0001,0.000,249.07,0.4349,0.000,215.98,0.0055,0.000,215.39,0.0068,0.000,208.49,0.0000,0.000,206.56,0.0269,0.000,200.17,0.0388,0.000,195.42,0.0162,0.000,189.42,0.0951,0.000,O1,-0.392126,-0.376171,-0.30009,1.99974,6.28683,0.01353,8.30009,-37.3189,237.7680,-0.427231,-0.34731,1.99974,6.33331,0.01426,8.34731,N2,-0.201603,-0.172963,-0.08569,1.99941,5.06332,0.02297,7.08569,-133.2634,298.9455,-0.240627,-0.13049,1.99942,5.10480,0.02626,7.13049,C3,0.244815,0.119501,0.03725,1.99910,3.93794,0.02571,5.96275,38.3088,112.4808,0.228921,-0.01440,1.99915,3.98703,0.02822,6.01440,C4,-0.270211,-0.289167,-0.31234,1.99893,4.30108,0.01234,6.31234,92.6650,95.1616,-0.226115,-0.15944,1.99892,4.14795,0.01257,6.15944,C5,0.379606,0.509726,0.28928,1.99890,3.68805,0.02377,5.71072,33.2127,112.1691,0.355994,0.18012,1.99892,3.79637,0.02458,5.81988,9,O,0,1,0,0,-0.443893,-0.905235,-0.52103,1.99975,6.51009,0.01119,8.52103,158.1752,131.1918,-0.470990,-0.55116,1.99975,6.54017,0.01125,8.55116,8,O,0,1,0,0,-0.483453,-0.734911,-0.58620,1.99980,6.56729,0.01911,8.58620,-68.3623,575.4531,-0.559282,-0.66821,1.99980,6.64961,0.01880,8.66821,7,C,1,0.612709,1.310464,0.80068,1.99934,3.15748,0.04251,5.19932,36.9668,74.7623,0.529813,0.68127,1.99936,3.27426,0.04511,5.31873,1,C,1,0,0.379606,0.509726,0.28928,1.99890,3.68805,0.02377,5.71072,33.2127,112.1691,0.355994,0.18012,1.99892,3.79637,0.02458,5.81988,0.49303913056495313,0.4781293973234334,0.6087242896919253,0.5501332295440255,0.6051615221101164,0.5222897518038382,0.43286129157809644,0.5638753330738601,0.6051615221101164
methyl-5-(thiophen-2-yl)isoxazole-3-carboxylate,COC(=O)c1cc(on1)c2sccc2,C9H7NO3S,21,0,1,met,1.8227,209.2192,1532.373,4340.1749,-0.22953,-0.0647,0.147115,0.08241500000000002,0.08241500000000002,-1025.72655392,0.148508,0.160927,0.161872,0.107561,-1025.578046,-1025.565627,-1025.564682,-1025.618993,7.9804,1118.875,4338.7198,293.27,0.3232,0.000,261.90,0.1856,0.000,252.98,0.0001,0.000,247.29,0.0299,0.000,226.49,0.0000,0.000,219.15,0.0053,0.000,218.59,0.0297,0.000,217.62,0.0000,0.000,212.84,0.0006,0.000,203.68,0.0249,0.000,O1,-0.386351,-0.382314,-0.30102,1.99974,6.28775,0.01353,8.30102,-43.3400,236.0811,-0.415113,-0.34329,1.99974,6.32920,0.01435,8.34329,N2,-0.202624,-0.176185,-0.08399,1.99941,5.06162,0.02296,7.08399,-132.8518,299.4776,-0.233685,-0.12054,1.99942,5.09532,0.02580,7.12054,C3,0.245175,0.117612,0.03868,1.99910,3.93640,0.02582,5.96132,38.2170,111.0560,0.232066,-0.00758,1.99914,3.98075,0.02769,6.00758,C4,-0.286105,-0.289263,-0.31788,1.99892,4.30752,0.01145,6.31788,92.8164,90.5417,-0.251373,-0.19080,1.99891,4.17962,0.01228,6.19080,C5,0.436147,0.497910,0.31149,1.99886,3.66440,0.02524,5.68851,30.2693,114.5632,0.421350,0.23111,1.99891,3.74357,0.02642,5.76889,9,O,0,1,0,0,-0.443685,-0.910935,-0.52080,1.99975,6.50986,0.01119,8.52080,158.3001,130.6307,-0.459885,-0.53901,1.99975,6.52798,0.01129,8.53901,8,O,0,1,0,0,-0.484351,-0.735377,-0.58686,1.99980,6.56796,0.01910,8.58686,-67.8399,574.8098,-0.532924,-0.63946,1.99980,6.62069,0.01897,8.63946,7,C,1,0.614786,1.315635,0.80067,1.99934,3.15748,0.04252,5.19933,36.9629,74.8526,0.563846,0.72916,1.99935,3.22714,0.04435,5.27084,1,C,1,0,0.436147,0.497910,0.31149,1.99886,3.66440,0.02524,5.68851,30.2693,114.5632,0.421350,0.23111,1.99891,3.74357,0.02642,5.76889,0.5024400467051884,0.4790275740247298,0.608873985808808,0.5559414388790754,0.6188138079698212,0.5223196910272148,0.43325050148199157,0.5635160623933415,0.6188138079698212
methyl-isoxazole-5-carboxylate,COC(=O)c1oncc1,C5H5NO3,14,0,1,met,1.2659,127.0994,985.887,1244.4094,-0.27913,-0.06536,0.17224499999999998,0.106885,0.106885,-473.909739424,0.101283,0.109266,0.11021,0.067816,-473.808456,-473.800473,-473.799529,-473.841924,4.5332,838.74,1243.2916,261.56,0.0000,0.000,220.65,0.2981,0.000,212.74,0.0049,0.000,203.18,0.0224,0.000,194.87,0.0520,0.000,171.92,0.0000,0.000,167.24,0.0011,0.000,161.29,0.0637,0.000,159.24,0.0001,0.000,153.76,0.0043,0.000,O1,-0.366790,-0.294265,-0.28660,1.99973,6.27247,0.01439,8.28660,-56.4712,306.6530,-0.406979,-0.32656,1.99973,6.31214,0.01469,8.32656,N2,-0.135848,-0.156727,-0.10760,1.99948,5.08396,0.02415,7.10760,-137.9309,295.8179,-0.162584,-0.13101,1.99942,5.10734,0.02425,7.13101,C3,0.044169,0.158886,-0.05046,1.99933,4.02840,0.02274,6.05046,46.4273,134.3217,0.042844,-0.05626,1.99932,4.03362,0.02332,6.05626,C4,-0.227130,-0.103555,-0.31041,1.99897,4.29964,0.01180,6.31041,83.8949,114.5298,-0.273495,-0.38294,1.99895,4.37099,0.01300,6.38294,C5,0.356584,0.033796,0.21540,1.99885,3.76044,0.02531,5.78460,34.3274,110.8431,0.331422,0.14405,1.99880,3.83139,0.02576,5.85595,10,O,0,1,0,0,-0.444718,-0.859833,-0.52299,1.99975,6.51187,0.01136,8.52299,156.4232,132.2678,-0.413356,-0.46417,1.99977,6.45298,0.01143,8.46417,9,O,0,1,0,0,-0.481921,-0.718869,-0.58097,1.99980,6.56199,0.01918,8.58097,-54.9482,554.6702,-0.303297,-0.26105,1.99982,6.24228,0.01896,8.26105,8,C,1,0.591260,1.289996,0.77427,1.99933,3.18468,0.04172,5.22573,40.9543,68.5070,0.569390,0.63944,1.99932,3.32409,0.03715,5.36056,1,C,1,0,0.356584,0.033796,0.21540,1.99885,3.76044,0.02531,5.78460,34.3274,110.8431,0.331422,0.14405,1.99880,3.83139,0.02576,5.85595,0.4883087332714589,0.42268195563007094,0.4569324271728391,0.5067213556480344,0.6030657764737583,0.5234873207389,0.4267536900092811,0.5588754827699769,0.6030657764737583
"N,N-dibenzylisoxazol-3-amine",C(N(Cc1ccccc1)c2ccon2)c3ccccc3,C17H16N2O,36,0,1,met,3.0909,264.3262,2531.514,5962.8603,-0.21314,-0.01168,0.11241,0.10073,0.10073,-842.109013638,0.294775,0.311196,0.312141,0.247389,-841.814239,-841.797817,-841.796873,-841.861625,9.8901,2073.687,5974.4896,260.61,0.0012,0.000,249.25,0.0160,0.000,246.51,0.0041,0.000,243.58,0.0062,0.000,229.96,0.0353,0.000,229.14,0.0307,0.000,228.21,0.0087,0.000,212.51,0.0517,0.000,207.43,0.0111,0.000,206.46,0.0181,0.000,O1,-0.330949,-0.473949,-0.31338,1.99977,6.29948,0.01413,8.31338,-5.6405,245.7987,-0.284183,-0.26626,1.99977,6.25373,0.01276,8.26626,N2,-0.287681,-0.218547,-0.22076,1.99935,5.20003,0.02139,7.22076,-80.5800,207.0847,-0.172478,-0.06741,1.99937,5.04319,0.02485,7.06741,C3,0.532700,0.693105,0.34574,1.99923,3.62732,0.02771,5.65426,30.5018,120.6059,0.553255,0.34379,1.99920,3.63227,0.02474,5.65621,C4,-0.263832,-0.278159,-0.40044,1.99899,4.39046,0.01099,6.40044,98.3055,89.1250,-0.223795,-0.34426,1.99901,4.33394,0.01131,6.34426,C5,0.151294,0.294210,0.15190,1.99909,3.82584,0.02317,5.84810,39.7112,114.1793,0.161800,0.16647,1.99911,3.81133,0.02309,5.83353,8,N,0,0,0,1,-0.488480,-0.829679,-0.47167,1.99930,5.45874,0.01363,7.47167,179.9165,46.9689,-0.332739,-0.15631,1.99929,5.14428,0.01274,7.15631,7,O,0,1,0,0,-0.330949,-0.473949,-0.31338,1.99977,6.29948,0.01413,8.31338,-5.6405,245.7987,-0.284183,-0.26626,1.99977,6.25373,0.01276,8.26626,5,C,1,0.532700,0.693105,0.34574,1.99923,3.62732,0.02771,5.65426,30.5018,120.6059,0.553255,0.34379,1.99920,3.63227,0.02474,5.65621,1,C,1,0,0.151294,0.294210,0.15190,1.99909,3.82584,0.02317,5.84810,39.7112,114.1793,0.161800,0.16647,1.99911,3.81133,0.02309,5.83353,0.43028651836771353,0.504775306128559,0.6808478788060237,0.5642944822011317,0.45226190832609797,0.7668932067902158,0.43028651836771353,0.6808478788060237,0.45226190832609797
"N,N-dibenzylisoxazol-5-amine",C(N(Cc1ccccc1)c2oncc2)c3ccccc3,C17H16N2O,36,0,1,met,3.9776,264.3262,2554.733,6251.9229,-0.19945,-0.01131,0.10538,0.09406999999999999,0.09406999999999999,-842.113872911,0.294776,0.311323,0.312267,0.246341,-841.819097,-841.80255,-841.801606,-841.867532,9.3927,1993.253,6264.0438,278.91,0.0066,0.000,272.42,0.0136,0.000,269.47,0.0133,0.000,260.73,0.0278,0.000,227.53,0.0012,0.000,227.32,0.0072,0.000,225.38,0.2735,0.000,206.84,0.0136,0.000,203.23,0.0176,0.000,202.96,0.0175,0.000,O1,-0.425098,-0.442152,-0.36633,1.99972,6.35406,0.01256,8.36633,-2.9061,180.7891,-0.390021,-0.34157,1.99972,6.32882,0.01303,8.34157,N2,-0.186564,-0.223553,-0.17370,1.99947,5.15136,0.02287,7.17370,-99.6102,183.2162,-0.077408,-0.02496,1.99949,5.00374,0.02174,7.02496,C3,0.056438,0.349473,-0.02458,1.99932,4.00152,0.02373,6.02458,45.3912,129.7137,0.068271,-0.04141,1.99935,4.01879,0.02327,6.04141,C4,-0.292832,-0.484568,-0.46627,1.99894,4.45665,0.01067,6.46627,118.8770,59.0310,-0.195912,-0.24541,1.99896,4.23592,0.01053,6.24541,C5,0.646396,0.919943,0.54864,1.99901,3.42523,0.02712,5.45136,28.4378,101.2140,0.690155,0.56986,1.99905,3.40531,0.02577,5.43014,8,N,0,0,0,1,-0.472308,-0.958136,-0.46182,1.99928,5.44916,0.01338,7.46182,169.0816,49.0346,-0.351567,-0.23808,1.99931,5.22495,0.01382,7.23808,2,C,1,0,0,0,-0.292832,-0.484568,-0.46627,1.99894,4.45665,0.01067,6.46627,118.8770,59.0310,-0.195912,-0.24541,1.99896,4.23592,0.01053,6.24541,1,C,1,0.646396,0.919943,0.54864,1.99901,3.42523,0.02712,5.45136,28.4378,101.2140,0.690155,0.56986,1.99905,3.40531,0.02577,5.43014,3,H,0,1,0.141783,0.081314,0.24954,0.00000,0.75002,0.00044,0.75046,27.5658,5.2956,0.241917,0.29065,0.00000,0.70903,0.00031,0.70935,0.5597137810245202,0.4284302865183677,0.4587287805754318,0.5464507050687105,0.6963863357384509,0.7665339361096973,0.5464507050687105,0.6963863357384509,0.4137001886171072