,0,1,2,3,4,5,6,7,8,9,10,11,12,13,14,15,16,17,18,19,20,21,22,23,24,25,26,27,28,29,30,31,32,33,34,35,36,37,38,39,40,41,42,43,44,45,46,47,48,49,50,51,52,53,54,55,56,57,58,59,60,61,62,63,64,65,66,67,68,69,70,71,72,73,74,75,76,77,78,79,80,81,82,83,84,85,86,87,88,89,90,91,92,93,94,95,96,97,98,99
0,2.83,0.0,13.85,19.84,4.09,43.22,17.63,28.4,92.19,52.47,84.03,98.38,99.81,99.22,71.81,84.49,83.22,28.9,61.33,74.3,80.39,0.51,32.21,87.59,2.79,27.79,84.67,78.44,78.93,44.47,78.6,70.8,31.66,100.0,49.48,72.21,76.24,62.04,98.49,100.0,38.48,48.91,83.25,80.86,11.99,71.43,77.01,61.67,96.38,19.95,0.89,79.1,69.2,53.52,99.98,78.19,58.4,6.1,88.82,23.23,0.0,71.11,51.83,91.11,50.7,5.62,91.27,82.13,3.69,80.65,28.06,81.48,11.68,85.21,5.65,53.46,64.12,89.14,21.88,5.4,77.58,82.28,68.31,31.53,87.0,28.53,48.86,84.48,59.05,13.87,89.71,2.52,67.85,52.56,50.75,89.17,3.51,81.63,83.62,50.69
1,31.85,0.0,2.95,7.25,98.49,95.48,26.39,28.9,84.03,52.23,1.68,62.75,92.03,99.81,99.22,100.0,74.3,92.19,92.19,62.33,84.49,31.66,100.0,53.11,99.98,80.39,77.01,96.38,80.65,71.81,40.06,84.67,50.74,2.33,2.79,61.67,83.25,91.11,87.59,81.63,77.58,32.21,78.6,6.23,52.08,88.41,1.89,61.33,53.02,91.19,79.33,62.07,78.6,43.84,36.46,87.83,72.89,80.69,98.38,80.86,89.71,83.22,91.06,50.7,22.88,89.17,45.85,91.27,11.19,78.19,63.61,84.64,32.5,79.1,23.23,58.4,71.43,89.76,44.25,60.29,84.81,55.4,89.95,53.52,43.12,86.46,53.43,43.22,78.93,26.48,84.62,91.39,27.88,50.75,6.48,5.65,84.48,83.85,90.39,14.06
2,0.0,53.81,42.04,23.51,0.0,0.0,21.5,69.03,49.57,71.81,43.22,52.23,36.46,99.98,44.47,63.2,99.22,80.86,30.17,62.33,8.82,77.01,95.48,50.74,98.38,84.49,83.22,81.63,100.0,92.19,80.39,78.19,70.8,43.84,87.0,84.67,0.51,96.38,99.81,2.33,84.48,91.39,89.95,98.49,2.79,88.41,71.11,75.39,89.76,100.0,30.21,91.27,5.55,81.66,91.11,45.85,84.64,79.1,76.24,78.93,83.25,87.59,50.7,52.56,50.75,7.02,66.03,58.4,48.91,83.85,88.41,86.46,63.61,89.71,90.39,84.81,48.86,84.62,91.06,52.08,77.58,39.32,78.6,67.21,80.69,62.07,0.0,18.26,92.03,4.87,6.18,53.49,41.1,69.2,50.69,54.26,73.33,76.63,40.04,44.22
3,32.36,7.84,0.0,7.74,49.19,50.55,4.98,36.29,58.13,2.49,0.0,3.25,31.53,64.48,77.52,51.32,50.74,75.46,33.69,80.65,9.61,15.64,71.43,80.86,71.81,43.22,62.15,76.66,50.75,60.29,73.33,80.39,70.51,0.0,44.47,62.07,82.28,48.34,48.91,98.38,38.79,83.22,96.64,99.81,92.19,87.59,87.59,89.95,92.03,98.49,61.09,87.0,100.0,99.22,20.51,89.76,91.11,91.11,81.63,100.0,31.55,83.25,83.25,24.55,2.77,13.31,83.85,83.85,23.3,11.99,90.39,91.06,43.84,0.97,13.02,2.58,84.48,67.21,69.2,19.95,23.71,84.62,81.66,84.67,84.49,80.77,53.49,76.63,77.01,62.33,89.17,0.0,6.23,70.8,0.0,26.12,48.86,40.06,44.48,50.69
4,7.69,0.0,0.0,8.23,0.0,16.76,45.01,74.3,39.57,10.49,18.38,52.08,78.93,68.17,53.02,0.89,37.37,99.81,53.11,31.43,89.95,98.49,98.38,92.19,44.47,96.64,84.03,87.0,99.22,80.86,79.1,95.48,52.23,100.0,62.33,38.79,80.39,78.19,7.54,83.25,84.49,78.6,83.22,81.63,100.0,77.58,31.51,89.76,91.11,83.85,38.79,51.83,84.67,76.24,87.59,58.4,61.67,61.09,9.96,99.98,6.23,88.82,96.38,80.65,71.81,19.64,82.33,16.95,50.75,52.47,84.48,48.34,50.74,3.04,20.72,61.0,91.27,88.41,67.21,43.84,89.71,18.61,91.06,83.62,53.52,53.46,43.22,75.39,90.39,78.6,62.07,0.0,53.49,50.7,92.03,88.89,2.72,65.32,5.9,14.06
5,0.0,61.0,0.0,3.43,0.0,68.86,77.58,26.97,27.79,82.13,40.47,16.57,5.16,3.96,2.9,43.2,79.33,0.0,61.86,96.64,83.22,30.41,89.95,95.48,46.42,61.71,88.41,78.6,92.03,50.74,89.71,81.63,83.62,81.48,5.9,53.46,45.85,91.27,3.51,78.19,35.61,84.64,89.14,22.07,68.17,89.17,26.56,62.04,31.53,12.23,66.84,38.48,72.21,84.49,21.88,72.9,79.1,18.16,16.77,85.21,31.18,40.02,12.54,91.06,92.19,55.96,7.02,83.85,91.39,100.0,22.31,9.46,90.39,84.03,53.52,32.71,88.89,91.11,17.63,98.49,2.13,87.62,61.09,100.0,99.81,57.33,83.25,87.59,4.66,63.2,8.52,44.28,84.48,99.22,80.86,18.38,71.43,89.76,50.75,98.38
6,19.55,3.68,0.0,0.0,4.53,5.92,1.27,28.53,51.83,5.22,11.91,78.19,52.08,85.21,98.38,96.64,28.9,99.81,99.22,80.86,89.95,22.07,92.19,27.41,45.73,5.95,95.48,36.97,99.98,6.48,84.49,50.74,96.38,80.65,71.81,80.39,83.22,83.22,81.63,91.19,88.41,87.59,91.39,92.03,43.12,77.58,38.48,77.01,100.0,80.69,84.48,70.8,98.49,100.0,44.47,89.76,83.25,91.11,91.11,2.33,0.0,84.67,6.23,36.73,50.69,82.28,83.85,87.0,52.56,69.2,89.17,48.86,58.4,90.39,30.17,61.0,71.43,91.06,50.75,60.29,89.71,66.27,78.6,83.62,19.28,91.27,67.21,64.12,78.6,50.7,45.85,72.21,79.1,62.04,89.14,11.19,45.62,14.81,5.4,78.93
7,0.95,0.0,0.0,10.05,20.22,9.35,6.44,5.15,24.55,37.3,52.2,33.6,10.66,18.95,23.8,0.85,37.93,37.37,52.23,57.68,77.52,61.09,63.2,22.65,20.67,89.95,95.48,76.66,50.74,75.46,81.63,38.8,96.64,96.64,92.03,83.22,83.22,98.38,99.81,92.19,0.89,87.59,87.59,87.59,83.85,84.67,87.0,0.0,99.22,52.47,38.79,80.39,84.49,78.6,76.24,38.48,27.8,77.01,48.91,68.31,48.34,31.14,100.0,80.86,80.65,61.67,70.8,100.0,2.33,40.26,2.79,91.11,13.87,98.49,53.52,89.76,70.51,91.06,36.32,85.21,75.12,67.21,43.12,39.57,20.72,84.48,73.33,72.24,76.85,36.97,66.03,84.62,2.72,20.5,87.62,77.58,75.4,75.39,90.39,50.75
8,43.22,10.25,5.22,29.96,87.0,17.63,8.45,95.48,84.03,80.86,38.8,89.95,81.48,63.2,99.22,83.85,98.38,92.19,92.19,92.19,0.89,0.97,53.52,99.81,20.51,2.45,98.49,74.3,36.46,99.98,78.19,25.45,50.74,78.93,27.41,91.27,84.49,83.22,81.63,62.33,1.62,89.71,88.41,83.62,28.06,38.78,80.61,76.33,45.85,60.68,38.48,84.67,77.01,92.03,100.0,84.81,62.32,89.14,100.0,80.65,86.46,77.58,82.13,37.37,91.19,48.91,70.8,87.62,62.04,22.07,89.17,0.0,78.44,91.06,85.21,84.48,68.31,91.11,0.0,19.13,28.53,6.1,87.59,11.68,96.38,61.0,31.51,48.86,75.12,80.69,40.06,80.39,78.6,52.08,60.29,88.89,84.64,78.6,43.84,69.2
9,43.22,0.0,5.49,26.29,0.0,43.2,11.5,61.86,39.32,21.88,21.74,7.02,45.62,25.35,46.42,32.71,0.0,0.0,9.35,31.14,77.58,92.03,28.9,52.23,9.32,91.06,89.95,95.48,19.71,92.19,62.07,81.63,91.39,61.09,99.22,83.85,27.88,50.74,100.0,99.81,83.25,87.59,43.84,100.0,2.33,91.11,98.49,98.49,98.49,98.38,89.76,89.76,83.22,83.22,87.0,38.79,40.06,76.59,50.75,43.12,68.71,66.84,45.01,0.0,30.03,2.52,84.49,72.24,90.39,19.95,12.44,51.83,71.97,2.9,63.88,4.3,58.4,3.77,31.32,52.08,53.46,3.14,81.48,50.7,80.65,88.41,8.52,18.61,6.44,53.52,0.04,91.27,89.14,22.07,44.4,89.17,79.1,13.87,85.21,49.48
10,56.14,0.0,9.6,9.88,0.0,23.45,43.22,75.4,48.91,15.64,40.02,27.79,0.0,78.44,36.73,79.76,78.6,9.61,71.43,53.81,32.5,0.74,18.26,61.67,19.95,59.81,6.1,68.31,0.0,44.47,23.57,73.93,62.15,80.86,91.19,62.73,80.69,99.98,62.33,60.29,69.03,8.82,96.38,99.22,27.41,7.43,81.63,100.0,98.38,74.3,43.84,87.0,52.08,92.19,30.17,48.34,83.22,100.0,99.81,71.81,77.01,91.11,87.59,98.49,52.56,78.19,89.76,83.25,78.6,50.75,89.71,66.27,51.83,0.51,2.33,53.46,59.68,3.51,84.49,50.7,91.27,88.41,38.44,46.57,84.48,89.17,45.85,77.58,84.64,11.77,65.37,62.07,84.67,79.1,82.13,54.07,89.14,81.48,22.07,43.12
11,0.0,3.07,58.4,0.0,13.02,31.85,13.88,6.1,68.17,5.65,21.65,52.08,78.93,74.3,14.29,45.01,37.37,24.55,2.64,99.81,89.95,98.49,98.38,99.22,92.19,0.89,95.48,61.09,87.0,100.0,84.49,83.25,96.64,100.0,62.33,77.58,40.06,80.39,83.22,81.63,89.76,89.76,91.11,87.59,83.85,4.97,6.23,91.06,80.65,60.29,38.48,75.46,33.69,69.2,80.86,51.83,78.6,96.38,53.11,99.98,77.01,82.33,88.82,88.82,88.82,32.5,84.67,71.43,22.08,53.52,61.67,3.38,31.58,8.2,91.19,84.48,79.1,67.21,59.82,80.69,63.61,89.71,48.86,82.28,83.62,91.27,88.41,84.62,78.19,19.13,72.89,62.07,11.19,76.63,84.03,8.24,34.45,70.8,63.2,53.61
12,8.84,65.69,26.39,0.0,54.83,4.98,11.65,23.81,84.03,63.2,65.32,28.9,18.93,99.22,92.19,7.43,58.4,81.63,100.0,99.81,24.11,80.39,61.09,43.84,80.65,48.34,87.59,83.85,100.0,99.98,0.0,71.43,98.49,96.38,98.38,82.28,84.67,12.34,48.91,80.86,77.58,84.48,75.39,77.01,14.06,72.89,48.86,76.63,2.81,85.21,84.49,61.67,43.12,39.57,20.72,27.79,33.95,78.6,89.14,63.88,88.82,50.75,69.2,80.69,52.47,28.53,81.66,83.22,71.81,62.33,84.62,76.24,91.11,9.36,31.66,53.49,23.23,52.08,91.19,8.39,76.59,6.23,5.7,78.93,60.29,82.21,45.01,32.21,0.0,74.3,68.71,78.19,52.56,34.53,68.17,61.71,0.81,66.27,79.1,83.25
13,0.24,45.01,4.98,15.73,64.46,24.11,43.12,99.81,0.0,74.3,89.95,84.03,98.38,99.22,80.65,61.09,43.84,99.98,52.47,91.19,83.85,92.19,92.19,92.19,71.81,50.74,100.0,68.17,80.86,44.47,7.43,84.49,87.59,87.0,3.04,88.41,40.06,77.01,91.06,96.64,67.17,77.58,1.62,78.19,95.48,91.27,6.23,67.21,78.6,96.38,45.85,84.64,79.1,36.73,80.69,63.61,62.07,83.22,81.63,83.62,58.4,6.1,91.11,98.49,3.18,86.46,89.17,72.21,46.33,62.04,0.0,48.86,22.08,40.47,50.75,5.29,89.71,89.76,100.0,50.69,53.46,83.25,21.88,9.96,78.93,3.88,3.07,78.6,90.39,60.29,84.81,84.67,71.43,65.32,38.65,45.62,80.39,81.48,92.03,0.0
14,7.34,0.0,0.0,13.87,3.24,3.14,72.24,5.38,0.0,5.26,7.12,40.47,20.5,3.77,85.21,89.14,63.88,52.08,98.38,7.88,30.41,96.64,95.48,99.81,80.86,89.95,92.19,80.65,45.73,91.19,51.83,99.22,99.98,60.29,19.13,84.67,50.74,98.49,96.38,62.33,80.39,48.34,77.01,83.22,81.63,77.58,0.0,84.49,87.59,87.59,86.14,78.6,70.8,63.2,100.0,89.17,38.79,33.95,11.91,76.24,88.41,7.02,84.48,100.0,30.17,61.67,91.06,61.09,43.84,84.03,91.11,91.11,81.48,92.03,80.69,75.12,22.07,87.0,69.2,39.57,62.07,45.28,11.83,83.85,46.33,87.83,36.96,66.03,89.76,38.53,23.71,91.27,84.62,91.39,78.6,89.71,84.64,79.1,62.04,83.62
15,8.4,0.69,0.0,0.0,4.15,88.89,7.42,5.65,9.79,0.0,57.27,3.14,55.96,66.84,37.38,82.09,45.85,77.58,14.24,62.04,43.2,2.13,62.07,12.01,96.64,67.21,13.87,89.95,95.48,98.38,83.22,83.85,3.33,99.81,99.22,81.63,81.63,81.63,45.73,91.19,87.59,99.98,60.29,44.47,19.13,88.82,50.74,96.38,30.17,62.33,84.67,63.2,98.49,74.3,92.19,84.49,84.03,100.0,68.17,80.86,78.19,48.34,37.37,61.09,87.0,84.48,58.4,77.01,100.0,80.69,84.81,31.85,76.63,19.64,91.11,83.83,67.17,6.23,82.33,50.7,56.14,0.0,75.39,79.1,62.73,65.37,43.76,56.57,68.71,50.75,10.25,89.76,83.25,78.93,39.57,82.28,51.83,65.32,52.56,52.08
16,0.0,39.86,0.0,0.0,21.88,28.74,50.55,38.44,12.07,0.0,29.57,17.0,6.2,43.05,64.48,28.17,58.13,38.63,4.02,45.37,3.25,20.95,31.53,77.52,49.09,76.85,50.74,75.46,33.69,80.65,70.51,36.73,69.2,80.86,71.81,67.57,76.66,76.66,50.75,60.29,12.19,27.8,96.64,0.0,26.39,83.22,83.22,67.21,89.95,98.38,95.48,9.35,3.96,99.81,92.19,87.59,87.59,92.03,98.49,99.22,89.76,81.63,81.63,100.0,100.0,83.25,91.11,91.11,91.11,43.84,83.85,83.85,90.39,0.97,38.53,5.38,61.67,91.39,91.06,31.66,28.36,84.67,6.23,8.61,0.0,77.58,60.68,48.86,84.49,78.6,66.9,84.48,80.39,48.34,15.73,89.17,0.0,82.28,76.24,85.21
17,0.0,84.17,21.5,21.65,89.14,27.8,2.72,3.77,8.9,36.32,66.03,84.67,32.21,99.22,2.79,38.8,98.38,39.57,99.98,91.19,96.64,92.19,80.86,62.33,60.29,38.79,95.48,50.74,99.81,71.81,89.17,84.49,83.22,87.59,81.63,78.19,48.34,70.8,98.49,14.06,45.85,88.41,0.0,80.65,44.47,7.02,0.51,87.0,100.0,2.33,7.43,83.85,21.88,61.09,100.0,77.58,84.48,96.38,80.69,74.3,87.83,84.81,84.62,89.95,53.02,79.1,78.6,62.04,81.48,92.03,79.33,61.0,77.01,82.13,78.93,51.83,91.11,63.2,32.04,53.11,86.37,11.83,89.76,62.32,69.2,69.11,0.0,0.0,91.06,22.07,83.83,67.17,72.9,53.43,76.63,30.21,80.39,83.25,82.33,67.21
18,0.0,0.78,34.45,0.0,0.0,62.07,33.95,28.36,68.31,13.33,38.48,22.87,39.32,84.49,48.34,86.14,7.43,32.21,18.61,99.22,38.8,43.84,98.38,99.81,91.19,89.95,92.19,80.65,52.47,44.47,77.01,81.63,96.64,80.86,99.98,70.8,83.22,88.82,74.3,71.81,87.59,24.55,78.93,2.79,53.02,84.48,84.67,78.19,68.17,3.04,45.85,79.1,19.64,98.49,96.38,38.79,38.79,58.4,52.23,80.69,89.76,82.33,87.0,100.0,62.33,0.0,78.6,91.11,83.85,11.77,71.43,30.03,100.0,50.75,52.08,82.28,66.27,61.67,83.25,53.52,8.5,60.68,8.61,83.62,50.74,89.17,80.39,67.21,64.12,78.6,87.83,79.33,1.12,90.39,31.58,23.71,77.58,91.06,89.14,36.29
19,60.68,20.73,29.56,8.98,0.0,40.02,62.07,25.35,31.55,84.49,79.33,88.41,18.61,48.34,99.22,38.8,96.64,50.74,92.19,62.33,89.71,78.6,95.48,98.38,99.81,36.96,45.85,91.27,6.18,89.95,1.68,58.4,18.16,81.48,78.93,40.47,82.13,37.37,85.21,31.43,55.4,89.17,5.16,52.08,5.65,79.1,87.0,100.0,68.17,26.69,23.71,91.11,91.06,84.03,98.49,83.22,0.0,44.4,22.65,60.29,12.19,84.62,87.59,21.88,53.52,72.21,70.8,89.76,81.63,81.63,84.48,78.19,6.23,92.03,14.29,72.9,75.39,83.85,4.16,30.17,71.43,21.65,89.14,19.99,44.47,45.62,7.65,78.44,0.0,87.62,68.31,90.39,46.42,9.14,11.68,0.0,63.61,13.72,83.62,61.09
20,6.69,16.64,0.0,0.0,22.22,25.67,5.65,39.2,3.18,11.49,42.63,3.33,58.13,18.19,71.81,37.4,83.85,88.82,75.46,80.65,96.64,89.95,95.48,38.65,99.22,81.63,62.04,76.66,100.0,98.38,83.22,83.22,91.39,87.0,99.81,84.49,87.59,43.84,98.49,53.11,62.07,89.76,90.39,100.0,96.38,84.48,83.25,91.11,82.33,69.2,48.86,32.21,78.19,77.01,52.56,11.19,66.27,79.1,2.33,2.79,84.62,51.83,6.23,92.19,99.98,79.76,76.63,80.69,68.17,91.19,0.0,40.06,68.31,60.29,44.47,54.52,71.11,71.43,91.06,50.74,80.38,50.75,53.52,32.43,80.86,31.13,88.41,78.6,92.03,74.3,84.64,84.67,78.44,31.43,53.02,84.81,59.68,58.4,48.34,34.6
21,29.16,27.93,4.33,87.59,11.07,62.75,76.66,33.69,20.67,99.22,95.48,98.38,74.3,92.19,99.98,8.82,96.38,3.04,27.41,71.81,7.43,50.74,43.84,2.33,2.79,83.22,81.63,96.64,92.03,80.86,83.85,21.65,19.99,99.81,80.65,89.95,98.49,100.0,100.0,91.19,89.76,89.76,83.25,91.11,87.0,53.52,50.69,80.69,60.29,44.47,0.0,67.21,91.06,2.9,53.61,31.85,0.0,70.8,53.25,11.49,84.62,78.19,84.49,6.23,44.25,88.41,84.48,19.64,77.01,11.83,89.17,72.89,66.03,51.83,84.67,77.58,86.14,48.86,78.6,34.6,79.33,0.0,71.43,61.67,5.16,54.41,76.63,80.39,82.33,78.93,48.34,62.04,59.82,68.17,53.02,53.46,84.64,72.21,82.21,75.39
22,47.03,0.0,0.0,0.0,20.95,3.6,31.18,5.62,72.24,30.41,7.12,3.77,3.79,85.21,39.57,51.83,84.67,89.14,36.97,52.08,77.58,38.48,38.79,4.3,11.91,88.89,78.6,75.12,75.12,75.12,82.09,61.86,76.59,77.01,61.67,43.22,84.49,71.43,25.45,80.86,6.23,98.38,80.65,99.98,52.47,95.48,99.81,99.22,99.22,92.19,81.63,88.82,96.64,89.95,71.81,55.96,83.22,83.22,83.22,21.88,87.59,92.03,96.38,44.47,91.19,80.39,19.64,50.74,100.0,80.69,5.95,62.73,43.84,87.0,98.49,45.01,7.65,87.62,100.0,14.06,91.11,82.33,62.04,3.33,69.2,45.85,84.62,89.76,91.06,46.42,75.39,83.25,83.85,91.39,60.29,6.22,75.4,76.63,14.53,9.35
23,62.6,0.0,43.79,28.9,26.48,12.23,7.84,7.65,22.08,81.48,89.14,23.23,2.45,11.77,5.65,75.12,72.24,82.13,78.6,22.07,1.68,89.71,88.41,83.62,52.08,45.85,77.58,91.27,78.19,18.16,46.46,62.07,84.64,84.49,50.7,89.17,1.62,38.48,12.19,79.1,54.52,86.14,26.56,95.48,78.93,43.2,89.95,92.03,59.82,99.22,96.64,100.0,99.81,92.19,26.69,91.39,5.4,98.49,100.0,98.38,0.0,91.06,4.66,84.03,80.86,16.77,46.42,23.23,80.65,60.29,88.89,81.63,87.62,52.23,99.98,18.38,89.76,83.22,50.74,96.38,84.48,76.59,91.11,87.59,80.69,68.71,45.28,83.25,19.99,62.33,60.68,84.67,61.09,2.78,44.47,53.46,76.24,83.85,53.52,49.48
24,6.0,29.14,29.51,9.96,0.0,0.0,0.0,83.62,0.0,16.07,62.04,50.7,14.81,9.88,37.37,91.27,26.56,89.95,2.15,78.6,87.32,63.61,79.1,98.49,99.22,62.75,95.48,100.0,98.38,92.19,45.85,84.64,87.0,100.0,99.81,84.49,83.25,91.11,96.64,62.33,77.58,86.14,80.39,83.22,81.63,40.06,84.62,87.59,83.85,80.65,81.66,19.64,96.38,53.52,80.86,32.5,70.8,63.2,80.69,99.98,89.17,72.21,0.51,88.82,88.82,53.43,84.48,48.91,84.03,91.19,52.77,45.28,43.84,60.29,44.47,89.76,89.76,91.06,67.85,50.75,88.41,48.86,6.23,11.77,78.93,82.21,76.63,71.43,31.58,52.56,53.46,62.07,26.97,32.68,0.81,79.33,0.0,78.6,71.81,45.73
25,0.0,0.0,0.0,0.0,30.17,37.93,12.14,40.04,68.17,3.04,50.7,31.66,100.0,78.93,14.29,65.32,28.9,99.81,99.22,71.81,0.89,83.85,92.19,92.19,92.19,79.1,98.49,100.0,32.43,80.69,66.27,0.0,80.39,96.38,44.47,60.68,0.0,84.49,67.85,63.2,38.48,84.67,19.64,83.25,99.98,38.79,51.83,84.03,80.86,62.33,89.71,58.4,87.59,98.38,74.3,91.27,84.48,96.64,52.08,39.57,77.58,48.86,83.22,6.77,60.29,11.91,89.76,81.63,88.82,61.09,12.44,91.11,72.24,50.75,53.52,78.19,3.06,7.12,89.14,91.19,88.89,87.62,21.88,85.21,6.48,68.71,8.52,76.59,12.01,63.88,3.14,55.96,61.67,76.66,36.46,66.84,61.86,2.59,1.89,70.8
26,87.83,5.41,29.85,20.63,56.45,52.77,53.43,89.71,78.6,2.79,45.85,91.27,3.51,31.85,12.34,77.58,29.51,83.62,82.13,89.95,88.41,81.48,95.48,77.52,20.51,81.63,38.8,96.64,78.6,92.03,84.64,26.97,48.34,76.66,31.14,47.3,62.07,1.68,72.21,83.22,40.47,46.33,89.14,18.16,31.53,89.17,67.21,22.07,5.16,85.21,79.1,84.49,62.04,16.77,75.46,91.06,50.74,2.49,78.93,92.19,1.76,83.85,43.22,19.71,5.4,59.68,31.51,90.39,100.0,99.81,91.11,87.59,87.59,84.03,98.49,0.0,25.35,18.38,15.92,61.09,0.0,48.86,87.62,18.19,68.17,62.34,9.46,78.19,24.09,11.68,27.79,75.4,89.76,100.0,69.2,30.83,83.25,72.24,91.39,50.75
27,0.26,22.3,73.93,7.03,0.0,40.02,39.32,28.36,80.39,59.05,60.68,27.79,45.01,71.43,62.15,0.0,2.77,48.91,80.65,26.48,77.52,52.23,99.81,71.81,44.47,89.95,98.49,98.38,99.22,92.19,83.22,81.63,87.0,100.0,61.33,62.07,89.76,87.59,43.84,99.98,82.28,84.49,100.0,96.38,80.86,84.62,84.67,91.11,69.2,50.69,75.39,48.34,77.01,67.85,28.37,84.48,29.56,70.8,92.03,53.52,48.86,81.66,83.85,88.82,26.69,73.33,6.4,76.63,78.6,83.25,72.89,32.68,30.03,2.9,14.06,76.24,91.06,0.0,50.75,30.17,51.83,6.23,61.67,90.39,37.37,82.21,66.27,53.49,80.69,91.19,0.0,71.11,19.64,34.6,78.93,61.71,34.45,64.46,52.08,23.8
28,61.94,5.77,0.0,66.27,22.92,5.67,0.0,7.43,3.38,74.3,18.38,62.04,12.14,37.37,68.17,38.79,51.83,58.4,78.93,99.22,95.48,100.0,98.38,99.81,92.19,84.49,89.95,43.84,87.0,98.49,82.28,80.39,0.51,91.39,100.0,30.21,84.48,84.67,91.11,44.47,48.86,71.43,81.63,96.64,22.88,70.8,89.76,89.76,83.22,83.22,83.25,87.59,69.2,53.11,99.98,77.01,88.82,80.86,80.65,71.81,66.9,83.85,3.04,91.06,96.38,24.56,0.0,82.33,53.52,80.69,88.41,34.45,79.1,6.23,50.74,62.07,15.64,67.21,50.75,53.02,89.71,48.34,90.39,82.13,91.19,7.12,22.07,16.07,85.21,13.33,91.27,78.19,89.14,43.12,39.57,63.61,16.39,18.38,78.6,83.62
29,0.0,52.22,44.22,4.92,80.86,77.52,46.42,20.72,49.48,71.81,71.43,6.1,17.45,50.74,52.23,62.15,99.81,80.65,80.65,44.47,45.01,89.95,98.49,98.38,92.19,60.68,84.67,0.89,100.0,99.22,84.49,87.59,87.0,100.0,2.78,38.48,80.39,91.11,84.03,40.04,7.74,84.62,76.24,89.76,62.33,82.21,40.06,78.6,77.01,14.81,80.77,86.14,32.5,66.03,43.84,89.17,84.48,81.66,0.97,22.88,44.48,70.8,83.22,81.63,40.26,79.33,7.02,45.62,0.0,31.66,67.17,61.71,72.89,83.25,96.38,87.83,8.82,92.03,53.52,99.98,5.38,61.09,80.69,74.3,91.19,0.0,44.25,52.56,52.08,53.02,55.4,38.79,48.86,75.39,53.49,31.13,28.53,66.27,78.19,30.17
30,0.0,0.0,0.0,25.64,76.34,0.0,3.06,13.52,0.93,61.33,24.11,58.4,43.12,99.81,0.0,62.75,98.38,92.19,80.65,45.73,83.22,28.9,61.09,99.22,80.86,81.63,89.95,98.49,74.3,99.98,32.21,100.0,96.38,49.48,71.81,89.76,91.11,100.0,69.2,36.46,84.49,62.04,52.56,78.93,91.19,40.06,84.67,80.39,77.01,80.69,77.58,6.23,61.67,87.0,44.47,7.43,19.64,67.85,50.69,7.5,27.8,50.7,27.88,31.43,4.87,71.11,87.59,2.9,72.45,11.99,91.27,28.53,2.58,83.25,88.82,63.61,45.85,79.1,59.82,64.46,2.44,48.86,24.8,78.6,60.29,88.41,48.34,59.83,52.08,20.72,83.62,92.03,25.45,18.93,53.52,2.82,62.07,84.62,83.85,50.75
31,64.48,0.0,16.44,37.3,22.88,6.57,11.5,0.0,23.51,0.0,29.57,25.62,12.07,69.03,12.14,54.26,28.02,20.6,99.98,13.33,50.74,96.38,80.86,80.65,91.19,77.01,36.73,80.69,71.81,44.47,71.43,0.0,1.89,70.8,30.17,56.57,0.0,84.49,8.82,78.44,88.41,84.67,48.34,6.23,99.22,31.51,81.63,100.0,50.75,98.38,84.81,77.58,83.25,98.49,60.29,80.39,89.76,87.0,99.81,92.19,87.59,43.84,100.0,78.93,40.26,89.17,79.1,91.11,62.04,64.46,82.28,66.27,2.64,0.0,74.3,65.37,63.61,61.0,84.48,78.19,89.71,51.83,58.4,52.08,68.17,91.27,11.83,83.22,44.25,83.62,84.64,58.48,2.77,22.3,11.49,79.33,2.52,83.85,5.38,50.7
32,0.0,0.0,0.0,0.0,0.0,55.96,11.5,0.0,78.93,99.98,57.85,99.22,80.86,80.65,71.81,95.48,99.81,74.3,62.33,91.19,89.95,98.49,98.38,92.19,44.47,7.43,31.66,87.0,100.0,3.04,80.39,8.82,81.63,50.74,84.03,88.41,79.1,61.09,43.84,63.2,84.67,83.22,91.06,100.0,100.0,40.06,0.0,84.49,91.11,2.64,78.19,89.76,87.59,96.38,80.69,77.58,84.64,70.8,50.75,53.52,45.85,45.28,77.01,83.25,50.7,62.07,58.4,71.43,6.23,83.85,91.27,89.71,0.0,78.6,31.58,12.23,63.61,3.07,45.62,11.83,35.61,48.34,90.39,82.13,52.08,89.14,22.07,11.68,39.57,20.51,89.17,65.32,83.62,81.48,5.16,65.37,87.62,67.21,44.25,78.6
33,0.0,48.34,4.61,0.0,0.0,23.71,75.4,84.67,59.05,5.65,33.95,25.35,78.6,77.01,61.67,43.22,25.77,8.82,78.44,99.98,63.2,99.22,80.86,71.81,91.19,81.63,88.82,98.38,99.81,62.33,98.49,52.08,92.19,80.65,44.47,11.91,51.83,87.59,87.0,14.06,6.1,61.09,100.0,49.48,53.61,83.22,40.04,100.0,96.38,80.69,84.62,73.93,91.11,31.66,53.52,31.85,84.48,79.76,76.63,83.25,48.86,80.39,84.49,25.45,84.03,71.43,6.23,59.82,43.84,23.8,21.5,46.57,89.76,22.88,21.09,0.0,11.83,83.85,3.38,69.2,82.28,82.33,52.56,50.75,14.19,0.0,71.11,73.33,65.32,13.02,28.53,2.58,34.45,68.31,64.46,0.66,70.8,50.69,68.17,22.22
34,0.0,0.0,0.0,82.28,85.21,61.67,20.5,22.07,9.96,4.87,38.79,32.68,48.34,71.43,98.38,96.64,99.81,99.22,80.86,60.29,62.75,95.48,52.08,92.19,80.65,5.95,80.39,89.95,100.0,45.73,45.01,79.1,62.15,87.0,99.98,78.19,12.34,50.74,96.38,71.81,83.25,83.22,81.63,81.63,2.64,91.27,62.07,83.62,92.03,98.49,38.78,45.85,89.71,84.64,78.6,6.18,9.88,43.84,100.0,78.93,89.76,91.11,87.59,50.75,69.2,84.62,84.67,83.85,46.33,80.69,86.46,77.01,67.21,91.06,63.88,53.46,72.89,84.48,76.63,43.12,89.17,84.49,78.6,6.23,91.19,52.77,55.4,14.68,19.28,20.72,88.41,66.03,73.33,58.4,89.14,35.61,22.08,81.48,52.56,30.17
35,0.0,44.16,21.34,11.0,0.0,43.05,6.26,13.85,25.77,10.77,29.85,38.44,26.52,49.57,26.39,36.18,18.89,29.39,43.9,17.56,58.48,71.43,69.03,80.86,23.8,78.6,77.01,76.66,19.99,99.98,0.0,19.64,50.74,99.22,71.81,43.22,98.38,99.81,62.33,91.19,84.67,83.22,100.0,80.65,60.29,48.86,84.49,98.49,96.38,92.19,48.34,83.25,100.0,69.2,80.69,76.24,70.8,91.11,84.03,87.0,76.59,80.39,6.23,89.76,43.84,32.21,0.0,53.52,22.88,52.47,24.8,48.91,61.67,43.12,0.0,88.89,84.48,0.89,87.59,65.32,68.71,89.17,8.52,84.62,0.97,45.85,77.58,88.41,66.03,79.76,61.0,18.38,33.95,62.04,85.21,78.44,14.53,89.14,78.6,20.72
36,0.0,0.0,2.48,16.77,0.0,1.68,12.98,0.0,14.72,36.46,8.82,21.15,45.37,99.98,39.2,57.85,99.22,80.86,80.65,71.81,43.84,96.38,99.81,62.33,91.19,89.95,50.74,98.49,98.38,44.47,89.76,83.22,87.59,52.23,92.19,80.39,87.0,100.0,80.69,78.93,79.1,84.49,100.0,57.68,74.3,66.27,84.62,19.64,70.8,91.11,63.61,89.17,48.86,40.06,81.66,72.89,54.41,88.41,7.02,44.25,62.07,82.21,77.01,83.25,81.63,0.81,66.03,71.11,34.53,52.08,84.48,0.0,24.11,22.3,2.79,79.33,32.68,83.62,53.52,53.02,71.43,62.32,83.85,64.12,31.53,89.71,0.0,51.83,58.4,31.58,61.71,91.27,6.18,78.19,78.6,39.32,76.63,37.37,50.75,30.17
37,3.8,19.55,2.04,17.98,20.21,0.0,45.87,0.0,9.14,61.09,89.95,28.9,84.03,52.23,45.73,65.32,92.03,92.03,11.26,12.23,83.85,100.0,92.19,92.19,92.19,9.96,48.34,99.81,99.22,71.81,81.63,81.63,100.0,98.38,99.98,96.64,77.52,98.49,96.38,80.86,89.76,91.11,83.22,67.85,76.66,0.0,87.59,3.38,52.08,80.65,58.4,78.6,31.58,53.52,13.12,84.67,12.34,77.01,76.24,0.0,77.58,84.48,73.33,6.23,61.67,0.0,25.35,48.86,80.39,43.84,84.49,71.43,88.82,69.2,68.17,82.28,87.0,74.3,53.11,52.47,45.28,83.25,83.62,55.96,50.75,61.0,88.41,78.19,5.4,78.93,91.27,66.27,4.86,64.12,25.45,63.61,89.71,12.19,9.79,79.1
38,26.29,15.73,36.29,0.0,91.19,28.4,12.23,28.9,20.67,62.33,43.9,22.08,11.83,99.98,10.77,77.01,63.2,96.38,99.22,36.46,0.0,84.49,71.43,88.82,80.86,84.67,70.8,81.63,100.0,99.81,0.0,76.24,98.49,80.65,44.47,62.07,18.61,48.34,100.0,98.38,43.22,89.76,53.52,52.08,92.19,5.95,6.23,91.11,2.78,30.17,96.64,32.43,8.2,52.47,60.29,76.59,61.67,83.22,87.59,84.03,37.38,45.01,0.0,83.25,13.12,0.0,7.65,61.09,23.23,14.06,88.41,48.86,32.21,85.21,68.17,87.62,89.14,43.12,20.72,6.48,45.85,77.58,40.47,78.6,36.97,84.64,83.62,81.48,50.75,74.3,59.68,89.71,79.1,58.4,9.36,53.46,88.89,91.27,78.19,22.07
39,29.31,55.4,0.0,26.28,89.76,82.13,95.48,77.52,46.42,84.03,72.24,7.25,59.82,43.84,27.41,0.0,96.64,89.95,92.03,92.03,45.85,83.85,30.41,22.07,50.74,91.06,89.14,2.15,12.23,98.38,52.08,7.5,14.06,39.57,99.22,71.43,83.22,43.22,5.16,2.9,62.07,84.49,61.67,81.63,99.81,72.21,48.34,6.23,87.59,100.0,78.6,15.64,91.11,21.88,60.29,84.67,0.51,98.49,68.17,13.12,28.53,33.95,83.62,31.66,92.19,87.62,78.6,9.88,22.65,53.11,2.72,90.39,69.2,85.21,80.86,18.38,8.52,1.39,61.09,64.46,3.6,84.48,78.19,63.88,50.75,88.41,31.85,58.4,11.83,70.8,26.97,66.03,79.1,13.52,78.93,27.79,28.36,84.62,12.25,0.0
40,0.0,3.1,47.33,22.08,49.48,15.73,22.3,52.08,53.11,80.65,51.32,99.81,80.86,71.81,44.47,61.09,98.38,61.33,99.22,92.19,0.89,80.39,96.64,89.95,95.48,86.14,45.01,78.6,48.91,100.0,30.21,48.86,84.49,83.25,87.0,0.51,78.19,77.01,81.63,0.0,0.0,15.64,83.22,99.98,62.33,0.0,71.43,88.82,96.38,36.46,12.44,67.85,14.72,98.49,50.75,70.8,89.76,87.59,87.59,100.0,45.85,84.67,91.11,83.85,80.69,43.84,44.22,52.56,50.69,43.12,88.41,60.68,66.27,53.52,53.02,90.39,50.74,5.16,38.63,91.19,84.81,72.21,82.33,67.21,78.6,77.58,45.62,48.34,83.62,12.14,79.33,84.48,64.12,50.7,78.93,46.46,62.07,58.4,5.02,91.06
41,0.0,1.27,1.68,0.0,45.21,14.53,21.65,15.92,78.93,53.61,83.62,68.17,53.11,31.43,23.8,76.02,62.04,28.06,82.13,89.95,81.48,92.03,77.52,99.81,20.51,98.49,98.38,99.22,26.69,44.47,36.97,87.0,100.0,100.0,92.19,80.39,81.63,91.39,84.03,96.38,84.49,63.2,53.52,80.86,99.98,45.01,77.01,88.82,50.74,5.65,62.07,89.76,89.76,91.11,87.59,78.19,7.12,67.21,91.06,80.65,84.67,18.61,19.64,83.25,2.79,86.14,79.1,48.34,6.23,89.14,91.27,60.68,48.86,58.4,43.84,63.61,45.85,0.0,5.16,69.2,27.79,71.43,83.22,83.85,85.21,44.22,50.75,74.3,39.57,49.48,8.52,84.48,78.6,65.32,14.06,79.33,88.41,31.85,61.67,71.81
42,27.79,1.39,0.0,71.97,22.65,89.14,11.26,2.45,2.9,6.77,3.14,88.89,72.24,62.04,85.21,66.84,14.24,8.52,37.38,96.64,45.85,77.58,30.41,95.48,98.38,18.38,4.3,12.01,3.33,99.22,84.49,18.38,87.62,14.06,99.81,80.39,89.95,98.49,92.19,91.19,8.61,70.8,99.98,60.29,44.47,71.43,50.74,96.38,78.93,62.33,77.01,83.22,81.63,30.17,71.81,84.67,87.59,87.59,92.03,80.69,76.59,79.1,76.24,100.0,68.17,38.48,78.6,59.05,91.11,100.0,58.4,75.12,84.03,87.0,52.08,0.0,15.64,83.62,61.09,63.2,38.79,83.25,83.85,91.06,80.86,7.02,45.62,89.76,14.81,53.52,68.71,78.19,82.13,50.7,39.57,82.09,51.83,1.89,22.07,0.0
43,0.0,0.0,7.74,0.0,45.37,28.17,36.29,20.95,18.19,17.56,29.51,0.89,83.62,99.81,26.48,62.75,92.03,98.38,80.65,45.73,96.64,89.95,74.3,99.22,53.11,79.1,81.63,21.65,92.19,99.98,19.64,50.74,96.38,80.86,71.81,83.22,87.0,100.0,52.08,91.19,91.27,80.39,43.84,44.22,60.29,63.61,62.07,87.59,98.49,100.0,89.76,91.11,91.11,30.15,69.2,45.85,84.64,84.49,67.21,78.6,40.06,84.67,48.34,70.8,50.7,2.44,78.6,6.23,83.85,19.28,48.86,58.4,71.43,77.01,53.02,88.41,83.25,20.2,14.81,39.57,77.58,72.21,7.12,25.45,50.75,0.0,61.67,90.39,78.93,2.79,84.62,91.06,64.46,13.79,62.33,89.17,89.71,33.95,66.03,84.03
44,45.01,7.54,13.89,23.5,30.41,5.85,0.66,38.79,80.39,36.29,52.77,84.67,48.34,48.91,62.15,77.58,48.86,4.3,84.49,78.6,88.41,72.21,71.43,70.8,99.81,89.95,98.38,99.22,80.65,44.47,83.22,81.63,98.49,92.19,99.98,100.0,96.38,80.86,71.81,62.33,11.83,91.11,84.03,36.73,100.0,62.07,88.82,87.0,0.0,36.46,12.44,89.76,87.59,2.77,80.69,45.62,61.09,31.66,23.23,31.58,84.62,83.25,82.33,1.36,69.2,33.95,66.03,77.01,92.03,91.19,72.9,89.17,81.66,91.06,26.69,61.71,7.02,86.14,43.84,34.6,79.33,46.57,84.48,76.63,4.16,66.84,25.35,0.81,82.21,0.0,88.89,1.68,22.08,18.38,21.09,68.71,8.52,6.22,76.59,14.06
45,0.0,26.12,0.0,0.0,26.39,43.05,17.63,31.14,8.9,13.02,0.0,8.69,26.52,38.45,4.02,38.68,66.9,18.22,0.0,9.88,43.18,61.94,50.55,33.65,36.18,0.05,48.88,0.0,96.64,11.77,30.41,67.21,89.95,95.48,28.9,83.22,83.22,81.63,92.03,99.22,38.48,83.85,78.6,99.81,92.19,87.32,87.59,87.59,18.38,78.93,45.85,84.64,79.1,0.51,2.33,45.28,78.19,98.49,52.08,68.17,89.76,90.39,90.39,100.0,100.0,83.25,83.25,83.25,91.11,91.11,91.27,91.06,83.62,61.09,98.38,2.72,89.71,11.19,60.68,84.67,3.4,77.58,48.86,84.48,76.24,41.69,43.22,82.28,6.23,61.67,89.17,40.06,4.86,64.46,13.12,63.61,62.07,88.41,84.49,84.03
46,6.38,2.53,28.02,14.24,17.0,29.57,22.92,8.69,23.51,49.09,28.17,20.95,58.13,34.4,16.44,42.63,27.88,64.48,3.69,39.2,0.0,6.2,56.45,31.53,77.52,76.85,50.74,75.46,33.69,80.65,70.51,43.22,69.2,80.86,71.81,9.46,67.57,76.66,76.66,50.75,27.8,71.57,96.64,82.13,16.07,83.22,89.14,89.95,92.03,98.38,72.24,81.48,99.81,99.22,5.65,81.63,95.48,98.49,100.0,92.19,87.59,28.9,61.09,43.84,84.03,91.06,91.06,100.0,100.0,100.0,0.89,89.76,54.07,5.16,63.88,83.25,91.11,21.65,5.9,52.08,51.83,84.67,83.85,90.39,13.12,55.4,18.38,62.07,84.49,48.34,31.85,27.79,76.24,18.93,85.21,1.27,25.35,6.23,59.05,61.67
47,0.0,0.0,0.24,0.51,9.55,28.06,0.0,3.02,1.36,0.0,62.07,83.62,2.15,0.0,2.29,26.56,62.04,50.7,31.53,78.93,0.0,55.96,76.02,82.13,89.95,90.39,96.64,33.69,85.21,99.81,72.24,87.0,98.38,99.22,92.19,81.48,95.48,100.0,5.65,20.72,83.25,81.63,43.84,84.03,71.81,83.22,91.06,100.0,100.0,19.28,91.11,87.59,11.68,98.49,80.86,89.14,89.14,89.14,89.14,89.14,79.1,5.16,36.73,69.2,99.98,45.85,58.4,15.64,50.74,80.65,84.67,75.12,92.03,96.38,62.33,84.48,51.83,80.39,77.01,67.21,40.06,32.21,84.49,8.82,40.26,77.58,84.62,76.24,87.62,74.3,65.37,83.83,75.39,81.66,76.63,7.02,0.0,71.11,73.33,30.17
48,37.38,1.06,21.51,19.32,80.65,53.81,75.46,45.37,20.51,99.98,77.01,50.74,63.2,80.86,91.19,0.0,68.31,99.22,71.81,19.13,31.51,84.49,71.43,98.38,62.33,7.43,6.23,61.67,100.0,99.81,81.63,87.0,98.49,54.83,44.47,60.68,84.67,48.34,87.59,92.19,75.28,83.85,61.09,60.29,11.49,77.58,32.5,9.96,100.0,80.69,24.11,79.1,62.15,91.11,96.38,45.28,78.19,12.34,11.83,74.3,91.27,29.23,62.04,24.55,68.17,63.61,89.71,84.64,25.67,78.93,87.83,45.85,65.69,0.99,83.62,61.0,88.41,76.63,23.81,10.59,54.52,23.57,44.28,78.6,0.0,79.33,3.68,48.86,84.48,30.03,53.43,72.89,78.6,83.25,83.22,53.46,9.46,89.76,72.24,52.47
49,5.62,6.26,20.73,0.0,0.0,31.18,9.96,0.0,39.57,99.22,30.41,38.8,50.74,92.19,62.33,95.48,98.38,99.81,74.3,19.13,79.1,96.64,89.95,64.46,13.12,38.79,0.0,24.11,80.39,78.19,45.85,40.06,84.49,15.64,83.22,84.67,81.63,81.63,81.63,81.63,6.23,87.59,87.59,92.03,98.49,58.4,89.76,87.0,100.0,78.93,91.11,91.11,62.04,31.58,100.0,38.48,66.27,83.25,83.25,90.39,91.06,33.69,84.03,68.17,80.65,51.83,78.6,53.52,80.86,53.11,43.22,48.86,71.43,77.01,9.96,76.02,26.56,7.12,21.88,99.98,18.16,16.77,25.45,61.09,71.81,63.61,69.03,29.45,96.38,52.08,0.89,50.7,2.79,36.46,0.0,88.41,54.26,84.62,1.89,63.2
